negeri,kodparlimen,namaparlimen,calon,parti,undi
PERLIS,P.001,PADANG BESAR,RUSHDAN BIN RUSMI,PERIKATAN NASIONAL (PN),"24,267"
PERLIS,P.001,PADANG BESAR,KO CHU LIANG,PARTI WARISAN SABAH (WARISAN),244
PERLIS,P.001,PADANG BESAR,ZAHIDI BIN ZAINUL ABIDIN,BEBAS (BUKU),"1,939"
PERLIS,P.001,PADANG BESAR,ZAHIDA BINTI ZARIK KHAN,BARISAN NASIONAL (BN),"11,753"
PERLIS,P.001,PADANG BESAR,KAPT (B) HJ MOHAMAD YAHAYA,PAKATAN HARAPAN (PH),"7,085"
PERLIS,P.002,KANGAR,CIKGU ZAKRI,PERIKATAN NASIONAL (PN),"24,562"
PERLIS,P.002,KANGAR,DR FATHUL BARI,BARISAN NASIONAL (BN),"15,370"
PERLIS,P.002,KANGAR,PROF. DR. ROHIMI SHAPIEE,PARTI WARISAN SABAH (WARISAN),417
PERLIS,P.002,KANGAR,AMIN AHMAD,PAKATAN HARAPAN (PH),"15,143"
PERLIS,P.002,KANGAR,USTAZ NUR SULAIMAN,PARTI PEJUANG TANAHAIR (PEJUANG),708
PERLIS,P.003,ARAU,FATHIN AMELINA,PAKATAN HARAPAN (PH),"7,089"
PERLIS,P.003,ARAU,SHAHIDAN BIN KASSIM,PERIKATAN NASIONAL (PN),"31,458"
PERLIS,P.003,ARAU,ROZABIL @ TOK BEN,BARISAN NASIONAL (BN),"8,242"
KEDAH,P.004,LANGKAWI,DATO PADUKA ABD KADIR,BEBAS (BEBAS),89
KEDAH,P.004,LANGKAWI,MOHD SUHAIMI BIN ABDULLAH,PERIKATAN NASIONAL (PN),"25,463"
KEDAH,P.004,LANGKAWI,MAHATHIR BIN MOHAMAD,PARTI PEJUANG TANAHAIR (PEJUANG),"4,566"
KEDAH,P.004,LANGKAWI,DATO' ARMISHAH SIRAJ (DAS),BARISAN NASIONAL (BN),"11,945"
KEDAH,P.004,LANGKAWI,ZABIDI YAHYA,PAKATAN HARAPAN (PH),"5,417"
KEDAH,P.005,JERLUN,DR. ABD GHANI AHMAD,PERIKATAN NASIONAL (PN),"31,685"
KEDAH,P.005,JERLUN,DATO' SERI UTAMA MUKHRIZ MAHATHIR,PARTI PEJUANG TANAHAIR (PEJUANG),"3,144"
KEDAH,P.005,JERLUN,DR. MOHAMED FADZIL MOHD ALI,PAKATAN HARAPAN (PH),"6,149"
KEDAH,P.005,JERLUN,OTHMAN BIN AZIZ,BARISAN NASIONAL (BN),"11,229"
KEDAH,P.006,KUBANG PASU,DATO' WIRA DR KU ABD RAHMAN BIN KU ISMAIL,PERIKATAN NASIONAL (PN),"47,584"
KEDAH,P.006,KUBANG PASU,AIZUDDIN ARIFFIN,PAKATAN HARAPAN (PH),"16,000"
KEDAH,P.006,KUBANG PASU,AMIRUDDIN HAMZAH (TOK MET),PARTI PEJUANG TANAHAIR (PEJUANG),"5,329"
KEDAH,P.006,KUBANG PASU,HASMUNI BIN HASSAN (TOK MUNI),BARISAN NASIONAL (BN),"14,489"
KEDAH,P.007,PADANG TERAP,RAZALI BIN LEBAI SALLEH,PARTI PEJUANG TANAHAIR (PEJUANG),452
KEDAH,P.007,PADANG TERAP,MAHDZIR BIN KHALID,BARISAN NASIONAL (BN),"17,258"
KEDAH,P.007,PADANG TERAP,MUAZ ABDULLAH,PAKATAN HARAPAN (PH),"2,702"
KEDAH,P.007,PADANG TERAP,USTAZ NURUL AMIN,PERIKATAN NASIONAL (PN),"28,217"
KEDAH,P.008,POKOK SENA,NORAINI BINTI MD SALLEH,PARTI WARISAN SABAH (WARISAN),622
KEDAH,P.008,POKOK SENA,DATO' AHMAD YAHAYA,PERIKATAN NASIONAL (PN),"52,275"
KEDAH,P.008,POKOK SENA,NORAN ZAMINI BIN JAMALUDDIN,BARISAN NASIONAL (BN),"14,523"
KEDAH,P.008,POKOK SENA,DATO' WIRA HJ MAHFUZ OMAR,PAKATAN HARAPAN (PH),"20,524"
KEDAH,P.009,ALOR SETAR,NUHAIRI RAHMAT,PARTI PEJUANG TANAHAIR (PEJUANG),"2,383"
KEDAH,P.009,ALOR SETAR,AFNAN HAMIMI BIN DATO' HAJI TAIB AZAMUDDEN,PERIKATAN NASIONAL (PN),"37,486"
KEDAH,P.009,ALOR SETAR,FADZIL BIN HANAFI,PARTI WARISAN SABAH (WARISAN),366
KEDAH,P.009,ALOR SETAR,SIMON OOI TZE MIN,PAKATAN HARAPAN (PH),"27,555"
KEDAH,P.009,ALOR SETAR,DATO' DR NORDIN YUNUS,BEBAS (POKOK),115
KEDAH,P.009,ALOR SETAR,SOFAN FEROZA,BEBAS (PEN),151
KEDAH,P.009,ALOR SETAR,TAN CHEE HIONG,BARISAN NASIONAL (BN),"8,930"
KEDAH,P.010,KUALA KEDAH,DR AZMAN ISMAIL,PAKATAN HARAPAN (PH),"28,237"
KEDAH,P.010,KUALA KEDAH,PAK TUAN AL IDRUS,PARTI WARISAN SABAH (WARISAN),256
KEDAH,P.010,KUALA KEDAH,ULYA HUSAMUDIN,PARTI PEJUANG TANAHAIR (PEJUANG),"1,805"
KEDAH,P.010,KUALA KEDAH,DR. AHMAD FAKHRUDDIN,PERIKATAN NASIONAL (PN),"56,298"
KEDAH,P.010,KUALA KEDAH,DATO DR MASHITAH BINTI IBRAHIM,BARISAN NASIONAL (BN),"13,879"
KEDAH,P.011,PENDANG,DATUK HAJI AWANG SOLAHUDIN,PERIKATAN NASIONAL (PN),"49,008"
KEDAH,P.011,PENDANG,DATO ZUL,PAKATAN HARAPAN (PH),"8,058"
KEDAH,P.011,PENDANG,RASHID YOB,PARTI PEJUANG TANAHAIR (PEJUANG),809
KEDAH,P.011,PENDANG,SURAYA BINTI YAACOB,BARISAN NASIONAL (BN),"17,719"
KEDAH,P.012,JERAI,ZULHAZMI BIN SHARIFF,PAKATAN HARAPAN (PH),"15,590"
KEDAH,P.012,JERAI,DATO SERI DR. JAMIL KHIR BAHAROM,BARISAN NASIONAL (BN),"16,269"
KEDAH,P.012,JERAI,USTAZ SABRI BIN AZIT,PERIKATAN NASIONAL (PN),"49,461"
KEDAH,P.012,JERAI,DATUK NIZAM MAHSHAR,PARTI PEJUANG TANAHAIR (PEJUANG),973
KEDAH,P.013,SIK,MAIZA,BARISAN NASIONAL (BN),"12,819"
KEDAH,P.013,SIK,DATO' LATIFAH,PAKATAN HARAPAN (PH),"3,736"
KEDAH,P.013,SIK,AHMAD TARMIZI SULAIMAN,PERIKATAN NASIONAL (PN),"34,606"
KEDAH,P.014,MERBOK,KHAIRUL ANUAR,PARTI WARISAN SABAH (WARISAN),525
KEDAH,P.014,MERBOK,DATO' SHAIFUL HAZIZY,BARISAN NASIONAL (BN),"16,691"
KEDAH,P.014,MERBOK,NURIN AINA,PAKATAN HARAPAN (PH),"31,554"
KEDAH,P.014,MERBOK,MOHD NAZRI,PERIKATAN NASIONAL (PN),"52,573"
KEDAH,P.014,MERBOK,DATUK MOSIN RAZAK,PARTI PEJUANG TANAHAIR (PEJUANG),"1,201"
KEDAH,P.015,SUNGAI PETANI,DR. TAUFIQ BIN DATO' JOHARI,PAKATAN HARAPAN (PH),"50,580"
KEDAH,P.015,SUNGAI PETANI,TAN JOON LONG @ TAN CHOW KANG,PARTI RAKYAT MALAYSIA (PRM),226
KEDAH,P.015,SUNGAI PETANI,HJ. MARZUKI YAHYA,PARTI PEJUANG TANAHAIR (PEJUANG),"2,342"
KEDAH,P.015,SUNGAI PETANI,DR. ROBERT LING,PERIKATAN NASIONAL (PN),"49,465"
KEDAH,P.015,SUNGAI PETANI,DATO' SHAHANIM BINTI MOHAMAD YUSOFF,BARISAN NASIONAL (BN),"27,391"
KEDAH,P.016,BALING,CIKGU JOHARI ABDULLAH,PAKATAN HARAPAN (PH),"8,636"
KEDAH,P.016,BALING,LT KOL (B) BASIR,PARTI PEJUANG TANAHAIR (PEJUANG),579
KEDAH,P.016,BALING,DATUK AZEEZ RAHIM,BARISAN NASIONAL (BN),"35,356"
KEDAH,P.016,BALING,USTAZ HASSAN,PERIKATAN NASIONAL (PN),"64,493"
KEDAH,P.018,KULIM-BANDAR BAHARU,DATUK SERI SAIFUDDIN NASUTION ISMAIL,PAKATAN HARAPAN (PH),"21,408"
KEDAH,P.018,KULIM-BANDAR BAHARU,CIKGU ROSLAN HASHIM,PERIKATAN NASIONAL (PN),"34,469"
KEDAH,P.018,KULIM-BANDAR BAHARU,RIZAL,PARTI PEJUANG TANAHAIR (PEJUANG),591
KEDAH,P.018,KULIM-BANDAR BAHARU,DATUK MUHAR BIN HUSSAIN,BARISAN NASIONAL (BN),"13,872"
KELANTAN,P.019,TUMPAT,KHAIRUL AZUAN,PARTI WARISAN SABAH (WARISAN),245
KELANTAN,P.019,TUMPAT,DATO' KAK TAZ,PARTI ISLAM SE MALAYSIA (PAS),"65,426"
KELANTAN,P.019,TUMPAT,ASRI ALI,PARTI BUMIPUTERA PERKASA MALAYSIA (PUTRA),593
KELANTAN,P.019,TUMPAT,HAJI WAN JO,PAKATAN HARAPAN (PH),"7,762"
KELANTAN,P.019,TUMPAT,DATO' CHE LAH (DCL),BARISAN NASIONAL (BN),"30,633"
KELANTAN,P.020,PENGKALAN CHEPA,ABE WAE - REDZUAN,BEBAS (POKOK),451
KELANTAN,P.020,PENGKALAN CHEPA,KAK JAH,PAKATAN HARAPAN (PH),"7,356"
KELANTAN,P.020,PENGKALAN CHEPA,WAN AHMAD NASRI,PARTI PEJUANG TANAHAIR (PEJUANG),358
KELANTAN,P.020,PENGKALAN CHEPA,DATUK MARZUK,PARTI ISLAM SE MALAYSIA (PAS),"53,933"
KELANTAN,P.020,PENGKALAN CHEPA,DR. HAFIZ,BARISAN NASIONAL (BN),"15,663"
KELANTAN,P.021,KOTA BHARU,DATUK SERI TAKIYUDDIN,PARTI ISLAM SE MALAYSIA (PAS),"41,869"
KELANTAN,P.021,KOTA BHARU,DR HAFIDZAH,PAKATAN HARAPAN (PH),"19,256"
KELANTAN,P.021,KOTA BHARU,HJ. ROSMADI ISMAIL,BARISAN NASIONAL (BN),"16,168"
KELANTAN,P.021,KOTA BHARU,ANDY TAN @ AWANG,PARTI RAKYAT MALAYSIA (PRM),107
KELANTAN,P.021,KOTA BHARU,PROF. DATO DR CHE MUSA CHE OMAR,PARTI BUMIPUTERA PERKASA MALAYSIA (PUTRA),528
KELANTAN,P.021,KOTA BHARU,IZAT BUKHARY,BEBAS (PEN),91
KELANTAN,P.022,PASIR MAS,DATUK HUSAM,PAKATAN HARAPAN (PH),"6,439"
KELANTAN,P.022,PASIR MAS,USTAZ FADHLI SHAARI,PARTI ISLAM SE MALAYSIA (PAS),"44,444"
KELANTAN,P.022,PASIR MAS,DATO GHANI,BARISAN NASIONAL (BN),"13,727"
KELANTAN,P.022,PASIR MAS,NASRUL ALI HASAN,PARTI BUMIPUTERA PERKASA MALAYSIA (PUTRA),543
KELANTAN,P.023,RANTAU PANJANG,DATO' DR. IBRAHIM ALI,PARTI BUMIPUTERA PERKASA MALAYSIA (PUTRA),"1,216"
KELANTAN,P.023,RANTAU PANJANG,KAK LAH,PARTI ISLAM SE MALAYSIA (PAS),"37,759"
KELANTAN,P.023,RANTAU PANJANG,DATUK ZAIN,PARTI RAKYAT MALAYSIA (PRM),173
KELANTAN,P.023,RANTAU PANJANG,PROF UST ZUL,BARISAN NASIONAL (BN),"17,123"
KELANTAN,P.023,RANTAU PANJANG,DR SHAH,PAKATAN HARAPAN (PH),"4,256"
KELANTAN,P.024,KUBANG KERIAN,DR.WAN AHMAD KAMIL,PAKATAN HARAPAN (PH),"10,236"
KELANTAN,P.024,KUBANG KERIAN,RIZAL,PARTI PEJUANG TANAHAIR (PEJUANG),687
KELANTAN,P.024,KUBANG KERIAN,KAK LONG,BARISAN NASIONAL (BN),"14,807"
KELANTAN,P.024,KUBANG KERIAN,USTAZ DATO' TUAN IBRAHIM,PARTI ISLAM SE MALAYSIA (PAS),"55,654"
KELANTAN,P.025,BACHOK,SYAHIR SULAIMAN,PARTI ISLAM SE MALAYSIA (PAS),"57,130"
KELANTAN,P.025,BACHOK,NOR AZMIZA MAMAT,PAKATAN HARAPAN (PH),"4,366"
KELANTAN,P.025,BACHOK,HAJI ZU,BEBAS (POKOK),418
KELANTAN,P.025,BACHOK,CIKGU ZAM,PARTI BUMIPUTERA PERKASA MALAYSIA (PUTRA),274
KELANTAN,P.025,BACHOK,DATUK HAJI ZAIN,BARISAN NASIONAL (BN),"27,229"
KELANTAN,P.026,KETEREH,HAJI RAHIMI,PAKATAN HARAPAN (PH),"4,662"
KELANTAN,P.026,KETEREH,MARZUANI ARDILA ARIFFIN (GEE),BARISAN NASIONAL (BN),"17,435"
KELANTAN,P.026,KETEREH,MEJ JEN DATO HJ KHLIR (B),PARTI ISLAM SE MALAYSIA (PAS),"40,542"
KELANTAN,P.026,KETEREH,HANEEF IBRAHIM (ABE HANEEF),PARTI BUMIPUTERA PERKASA MALAYSIA (PUTRA),223
KELANTAN,P.027,TANAH MERAH,CIKGU BAKRI,BARISAN NASIONAL (BN),"9,781"
KELANTAN,P.027,TANAH MERAH,DATO' D,PAKATAN HARAPAN (PH),"5,357"
KELANTAN,P.027,TANAH MERAH,LAWYER NASIR ABDULLAH,PARTI BUMIPUTERA PERKASA MALAYSIA (PUTRA),168
KELANTAN,P.027,TANAH MERAH,DATUK NIK SAPEIA,BEBAS (GAJAH),114
KELANTAN,P.027,TANAH MERAH,DATO' SRI IKMAL HISHAM,PARTI ISLAM SE MALAYSIA (PAS),"54,266"
KELANTAN,P.028,PASIR PUTEH,KAPTEN WAN MARZUDI,PARTI PEJUANG TANAHAIR (PEJUANG),349
KELANTAN,P.028,PASIR PUTEH,DATUK CIKGU AWI,BARISAN NASIONAL (BN),"23,828"
KELANTAN,P.028,PASIR PUTEH,USTAZ MUHAMMAD HUSAIN,PAKATAN HARAPAN (PH),"3,864"
KELANTAN,P.028,PASIR PUTEH,USTAZ NIK ZAWAWI,PARTI ISLAM SE MALAYSIA (PAS),"52,937"
KELANTAN,P.029,MACHANG,DATUK JAZLAN,BARISAN NASIONAL (BN),"25,449"
KELANTAN,P.029,MACHANG,MEJAR (B) MAT,PARTI BUMIPUTERA PERKASA MALAYSIA (PUTRA),128
KELANTAN,P.029,MACHANG,WAN AHMAD FAYHSAL,PARTI ISLAM SE MALAYSIA (PAS),"35,603"
KELANTAN,P.029,MACHANG,DR ROSLI,PAKATAN HARAPAN (PH),"3,934"
KELANTAN,P.030,JELI,PROFESSOR DR IR HJ MAT,PARTI BUMIPUTERA PERKASA MALAYSIA (PUTRA),133
KELANTAN,P.030,JELI,POK ZAHARI,PARTI ISLAM SE MALAYSIA (PAS),"27,072"
KELANTAN,P.030,JELI,NORWAHIDA PATUAN,BARISAN NASIONAL (BN),"14,608"
KELANTAN,P.030,JELI,MD RADZI,PAKATAN HARAPAN (PH),"1,140"
KELANTAN,P.031,KUALA KRAI,USTAZ LATIFF,PARTI ISLAM SE MALAYSIA (PAS),"42,740"
KELANTAN,P.031,KUALA KRAI,ZUKI,BARISAN NASIONAL (BN),"17,552"
KELANTAN,P.031,KUALA KRAI,NORASHIKIN,PARTI PEJUANG TANAHAIR (PEJUANG),241
KELANTAN,P.031,KUALA KRAI,SYAM GHAZ,PAKATAN HARAPAN (PH),"4,148"
KELANTAN,P.032,GUA MUSANG,TENGKU RAZALEIGH HAMZAH,BARISAN NASIONAL (BN),"21,663"
KELANTAN,P.032,GUA MUSANG,MOHD AZIZI ABU NAIM,PARTI ISLAM SE MALAYSIA (PAS),"21,826"
KELANTAN,P.032,GUA MUSANG,DATO' DR. ADABI,PARTI PEJUANG TANAHAIR (PEJUANG),371
KELANTAN,P.032,GUA MUSANG,ABE YO,PAKATAN HARAPAN (PH),"4,517"
TERENGGANU,P.033,BESUT,DATUK ABE ZUL,PARTI ISLAM SE MALAYSIA (PAS),"49,569"
TERENGGANU,P.033,BESUT,DATO' Ir. WAN NAZARI,PARTI PEJUANG TANAHAIR (PEJUANG),553
TERENGGANU,P.033,BESUT,USTAZ AZIZ,PAKATAN HARAPAN (PH),"4,339"
TERENGGANU,P.033,BESUT,DATUK HAJI NAWI MOHAMAD,BARISAN NASIONAL (BN),"30,903"
TERENGGANU,P.034,SETIU,ABDUL RAHMAN BIN MAT YASIN,BARISAN NASIONAL (BN),"31,736"
TERENGGANU,P.034,SETIU,USTAZ ZUKIRNAIN ABD KADIR,PARTI ISLAM SE MALAYSIA (PAS),"50,768"
TERENGGANU,P.034,SETIU,MOHAMAD BIN NGAH,PAKATAN HARAPAN (PH),"2,125"
TERENGGANU,P.034,SETIU,WAN ADNAN,PARTI PEJUANG TANAHAIR (PEJUANG),203
TERENGGANU,P.035,KUALA NERUS,DATO' DR. HAJI ALIAS RAZAK,PARTI ISLAM SE MALAYSIA (PAS),"56,697"
TERENGGANU,P.035,KUALA NERUS,UST. DATO' DR. KHAIRUDDIN TAKIRI,BARISAN NASIONAL (BN),"26,932"
TERENGGANU,P.035,KUALA NERUS,AZAHA,PARTI PEJUANG TANAHAIR (PEJUANG),291
TERENGGANU,P.035,KUALA NERUS,DATO' SERI SUHAIMI HASHIM,PAKATAN HARAPAN (PH),"3,708"
TERENGGANU,P.036,KUALA TERENGGANU,MOHAMAD ABU BAKAR BIN MUDA,PARTI PEJUANG TANAHAIR (PEJUANG),481
TERENGGANU,P.036,KUALA TERENGGANU,DATO' CIKGU ZUBIR,BARISAN NASIONAL (BN),"22,109"
TERENGGANU,P.036,KUALA TERENGGANU,DATO' RAJA BAHRIN,PAKATAN HARAPAN (PH),"10,946"
TERENGGANU,P.036,KUALA TERENGGANU,DATUK HAJI AMZAD HASHIM,PARTI ISLAM SE MALAYSIA (PAS),"63,016"
TERENGGANU,P.037,MARANG,TUAN GURU HAJI ABDUL HADI AWANG,PARTI ISLAM SE MALAYSIA (PAS),"73,115"
TERENGGANU,P.037,MARANG,JASMIRA OTHMAN,BARISAN NASIONAL (BN),"31,386"
TERENGGANU,P.037,MARANG,DR.ZARAWI BIN SULONG,PARTI PEJUANG TANAHAIR (PEJUANG),427
TERENGGANU,P.037,MARANG,USTAZ AZHAR,PAKATAN HARAPAN (PH),"4,140"
TERENGGANU,P.038,HULU TERENGGANU,CIKGU ROZI,BARISAN NASIONAL (BN),"27,176"
TERENGGANU,P.038,HULU TERENGGANU,KHADRI,PARTI PEJUANG TANAHAIR (PEJUANG),182
TERENGGANU,P.038,HULU TERENGGANU,DATO ROSOL WAHID,PARTI ISLAM SE MALAYSIA (PAS),"42,910"
TERENGGANU,P.038,HULU TERENGGANU,CIKGU ALIAS ISMAIL,PAKATAN HARAPAN (PH),"1,740"
TERENGGANU,P.039,DUNGUN,PEGUAM GHAZALI,BEBAS (BUKU),305
TERENGGANU,P.039,DUNGUN,NORAISAH BINTI HASAN,PARTI PEJUANG TANAHAIR (PEJUANG),322
TERENGGANU,P.039,DUNGUN,DATO' DR MOHD JOHARI,PAKATAN HARAPAN (PH),"5,307"
TERENGGANU,P.039,DUNGUN,USTAZ SHAM,BARISAN NASIONAL (BN),"25,615"
TERENGGANU,P.039,DUNGUN,USTAZ HAJI WAN HASSAN,PARTI ISLAM SE MALAYSIA (PAS),"59,720"
TERENGGANU,P.040,KEMAMAN,ROSLI,PARTI PEJUANG TANAHAIR (PEJUANG),506
TERENGGANU,P.040,KEMAMAN,USTAZ CHE ALIAS HAMID,PARTI ISLAM SE MALAYSIA (PAS),"65,714"
TERENGGANU,P.040,KEMAMAN,DATO' SERI HJ AHMAD BIN SAID,BARISAN NASIONAL (BN),"38,535"
TERENGGANU,P.040,KEMAMAN,HASUNI BIN SUDIN,PAKATAN HARAPAN (PH),"8,340"
PULAU PINANG,P.041,KEPALA BATAS,USTAZ HAMIDI ABU HASSAN,PARTI PEJUANG TANAHAIR (PEJUANG),747
PULAU PINANG,P.041,KEPALA BATAS,DR USTAZAH MASTURA,PERIKATAN NASIONAL (PN),"28,604"
PULAU PINANG,P.041,KEPALA BATAS,DANIAL ABDUL MAJEED,PARTI IKATAN DEMOKRATIK MALAYSIA (MUDA),"14,214"
PULAU PINANG,P.041,KEPALA BATAS,DATO' SRI REEZAL MERICAN BIN NAINA MERICAN,BARISAN NASIONAL (BN),"25,737"
PULAU PINANG,P.042,TASEK GELUGOR,AKMAL AZHAR,PARTI WARISAN SABAH (WARISAN),179
PULAU PINANG,P.042,TASEK GELUGOR,RAZAK RIDZUAN,PAKATAN HARAPAN (PH),"16,547"
PULAU PINANG,P.042,TASEK GELUGOR,DR. ABDUL HALIM,PARTI PEJUANG TANAHAIR (PEJUANG),406
PULAU PINANG,P.042,TASEK GELUGOR,MUHAMAD YUSOFF BIN MOHD NOOR (YB CHOP),BARISAN NASIONAL (BN),"18,864"
PULAU PINANG,P.042,TASEK GELUGOR,DATUK WAN SAIFUL WAN JAN,PERIKATAN NASIONAL (PN),"31,116"
PULAU PINANG,P.043,BAGAN,TAN CHUAN HONG,BARISAN NASIONAL (BN),"5,385"
PULAU PINANG,P.043,BAGAN,LIM GUAN ENG,PAKATAN HARAPAN (PH),"55,797"
PULAU PINANG,P.043,BAGAN,ALAN OH,PERIKATAN NASIONAL (PN),"6,149"
PULAU PINANG,P.043,BAGAN,HAFIZ,PARTI PEJUANG TANAHAIR (PEJUANG),"1,323"
PULAU PINANG,P.044,PERMATANG PAUH,DATUK ZAIDI,BARISAN NASIONAL (BN),"16,971"
PULAU PINANG,P.044,PERMATANG PAUH,UST FAWWAZ MD JAN,PERIKATAN NASIONAL (PN),"37,638"
PULAU PINANG,P.044,PERMATANG PAUH,CIKGU NASIR,PARTI PEJUANG TANAHAIR (PEJUANG),473
PULAU PINANG,P.044,PERMATANG PAUH,NURUL IZZAH ANWAR,PAKATAN HARAPAN (PH),"32,366"
PULAU PINANG,P.045,BUKIT MERTAJAM,STEVEN SIM CHEE KEONG,PAKATAN HARAPAN (PH),"71,722"
PULAU PINANG,P.045,BUKIT MERTAJAM,AH PANG,BARISAN NASIONAL (BN),"6,986"
PULAU PINANG,P.045,BUKIT MERTAJAM,STEVEN KOH,PERIKATAN NASIONAL (PN),"14,037"
PULAU PINANG,P.046,BATU KAWAN,LEE AH LEONG,PARTI RAKYAT MALAYSIA (PRM),148
PULAU PINANG,P.046,BATU KAWAN,CHOW KON YEOW,PAKATAN HARAPAN (PH),"50,744"
PULAU PINANG,P.046,BATU KAWAN,TAN LEE HUAT,BARISAN NASIONAL (BN),"7,145"
PULAU PINANG,P.046,BATU KAWAN,WONG CHIA ZHEN,PERIKATAN NASIONAL (PN),"10,344"
PULAU PINANG,P.046,BATU KAWAN,ONG CHIN WEN,PARTI WARISAN SABAH (WARISAN),450
PULAU PINANG,P.047,NIBONG TEBAL,FADHLINA BINTI SIDEK,PAKATAN HARAPAN (PH),"42,188"
PULAU PINANG,P.047,NIBONG TEBAL,DATO' MANSOR BIN OTHMAN,PERIKATAN NASIONAL (PN),"25,895"
PULAU PINANG,P.047,NIBONG TEBAL,DATUK SERI THANENTHIRAN,BARISAN NASIONAL (BN),"10,660"
PULAU PINANG,P.047,NIBONG TEBAL,GOH KHENG HUAT,BEBAS (KUNCI),565
PULAU PINANG,P.048,BUKIT BENDERA,SYERLEENA ABDUL RASHID,PAKATAN HARAPAN (PH),"49,353"
PULAU PINANG,P.048,BUKIT BENDERA,TEH YEE CHEU,PARTI RAKYAT MALAYSIA (PRM),677
PULAU PINANG,P.048,BUKIT BENDERA,HNG CHEE WEY,PERIKATAN NASIONAL (PN),"6,743"
PULAU PINANG,P.048,BUKIT BENDERA,RICHIE HUAN XIN YUN,BARISAN NASIONAL (BN),"5,417"
PULAU PINANG,P.048,BUKIT BENDERA,RAZALIF ZAIN,BEBAS (PEN),299
PULAU PINANG,P.049,TANJONG,LIM HUI YING,PAKATAN HARAPAN (PH),"31,968"
PULAU PINANG,P.049,TANJONG,TAN KIM NEE,BARISAN NASIONAL (BN),"3,214"
PULAU PINANG,P.049,TANJONG,AH LENG,PERIKATAN NASIONAL (PN),"2,501"
PULAU PINANG,P.050,JELUTONG,SANISVARA NETHAJI RAYER (RSN RAYER),PAKATAN HARAPAN (PH),"50,369"
PULAU PINANG,P.050,JELUTONG,BALJIT SINGH,PERIKATAN NASIONAL (PN),"11,765"
PULAU PINANG,P.050,JELUTONG,KOH SWE YONG,PARTI RAKYAT MALAYSIA (PRM),264
PULAU PINANG,P.050,JELUTONG,YACOOB BIN NOOR,BEBAS (KERUSI),480
PULAU PINANG,P.050,JELUTONG,DATUK LOGANATHAN A/L THORAISAMY,BARISAN NASIONAL (BN),"7,387"
PULAU PINANG,P.050,JELUTONG,LIM HUAT POH (MARTIN),PARTI WARISAN SABAH (WARISAN),442
PULAU PINANG,P.051,BUKIT GELUGOR,P. THINAGARANABHAN,PERIKATAN NASIONAL (PN),"8,092"
PULAU PINANG,P.051,BUKIT GELUGOR,RAMKARPAL SINGH,PAKATAN HARAPAN (PH),"71,204"
PULAU PINANG,P.051,BUKIT GELUGOR,WONG CHIN CHONG,BARISAN NASIONAL (BN),"6,777"
PULAU PINANG,P.052,BAYAN BARU,SAW YEE FUNG,BARISAN NASIONAL (BN),"13,377"
PULAU PINANG,P.052,BAYAN BARU,JEFF OOI,PARTI WARISAN SABAH (WARISAN),440
PULAU PINANG,P.052,BAYAN BARU,RAVINDER SINGH,PARTI RAKYAT MALAYSIA (PRM),251
PULAU PINANG,P.052,BAYAN BARU,KAN CHEE YUEN,BEBAS (PEN),124
PULAU PINANG,P.052,BAYAN BARU,SIM TZE TZIN,PAKATAN HARAPAN (PH),"55,209"
PULAU PINANG,P.052,BAYAN BARU,OH TONG KEONG,PERIKATAN NASIONAL (PN),"20,307"
PULAU PINANG,P.053,BALIK PULAU,DATUK SHAH HEADAN BIN AYOOB SHAH,BARISAN NASIONAL (BN),"15,478"
PULAU PINANG,P.053,BALIK PULAU,MUHAMMAD BAKHTIAR BIN WAN CHIK,PAKATAN HARAPAN (PH),"24,564"
PULAU PINANG,P.053,BALIK PULAU,DATO' SRI JOHNNY (DSJ),BEBAS (TRAKTOR),180
PULAU PINANG,P.053,BALIK PULAU,HARRIS IDAHAM RASHID,PERIKATAN NASIONAL (PN),"22,982"
PULAU PINANG,P.053,BALIK PULAU,DATO SRI SABARUDDIN BIN AHMAD,BEBAS (POKOK),366
PULAU PINANG,P.053,BALIK PULAU,FAZLI MOHAMMAD,PARTI PEJUANG TANAHAIR (PEJUANG),341
PERAK,P.054,GERIK,DR ASYRAF WAJDI DUSUKI,BARISAN NASIONAL (BN),"13,728"
PERAK,P.054,GERIK,FATHUL HUZIR AYOB,PERIKATAN NASIONAL (PN),"15,105"
PERAK,P.054,GERIK,TARMIZI MOHD JAM,PAKATAN HARAPAN (PH),"5,779"
PERAK,P.055,LENGGONG,DR SHAMSUL ANUAR NASARAH,BARISAN NASIONAL (BN),"12,588"
PERAK,P.055,LENGGONG,JUREY LATIFF ROSLI,PAKATAN HARAPAN (PH),"3,382"
PERAK,P.055,LENGGONG,USTAZ RIF'AAT RAZMAN,PERIKATAN NASIONAL (PN),"11,709"
PERAK,P.056,LARUT,USTAZ AUZAIE,PARTI PEJUANG TANAHAIR (PEJUANG),566
PERAK,P.056,LARUT,USTAZ ZOLKHARNAIN BIN ABIDIN,PAKATAN HARAPAN (PH),"6,207"
PERAK,P.056,LARUT,SHAFIQ FHADLY MAHMUD,BARISAN NASIONAL (BN),"16,752"
PERAK,P.056,LARUT,DATO SERI HAMZAH ZAINUDIN,PERIKATAN NASIONAL (PN),"28,350"
PERAK,P.057,PARIT BUNTAR,DATUK SERI DR MUJAHID YUSOF RAWA,PAKATAN HARAPAN (PH),"17,828"
PERAK,P.057,PARIT BUNTAR,CIKGU IMRAN,BARISAN NASIONAL (BN),"11,593"
PERAK,P.057,PARIT BUNTAR,HJ ROHIJAS,PARTI PEJUANG TANAHAIR (PEJUANG),259
PERAK,P.057,PARIT BUNTAR,USTAZ MISBAH,PERIKATAN NASIONAL (PN),"23,223"
PERAK,P.058,BAGAN SERAI,DATUK USTAZ IDRIS,PERIKATAN NASIONAL (PN),"33,753"
PERAK,P.058,BAGAN SERAI,HAJI AHMAD LUQMAN,PARTI PEJUANG TANAHAIR (PEJUANG),383
PERAK,P.058,BAGAN SERAI,HAJI ZUL HELMI GHAZALI,BARISAN NASIONAL (BN),"15,202"
PERAK,P.058,BAGAN SERAI,SITI AISHAH BINTI SHAIK ISMAIL,PAKATAN HARAPAN (PH),"13,195"
PERAK,P.059,BUKIT GANTANG,DATO' SYED ABU HUSSIN,PERIKATAN NASIONAL (PN),"32,625"
PERAK,P.059,BUKIT GANTANG,MOHD SHUKRI,PARTI PEJUANG TANAHAIR (PEJUANG),508
PERAK,P.059,BUKIT GANTANG,DR. FAKHRULDIN MOHD HASHIM,PAKATAN HARAPAN (PH),"18,565"
PERAK,P.059,BUKIT GANTANG,MOHAMMAD SOLLEHIN,BARISAN NASIONAL (BN),"19,869"
PERAK,P.060,TAIPING,NEOW CHOO SEONG,BARISAN NASIONAL (BN),"14,599"
PERAK,P.060,TAIPING,MOHGANAN A/L P MANIKAM,BEBAS (GAJAH),236
PERAK,P.060,TAIPING,WONG KAH WOH,PAKATAN HARAPAN (PH),"47,098"
PERAK,P.060,TAIPING,CIKGU SEE TEAN SENG,PERIKATAN NASIONAL (PN),"21,569"
PERAK,P.060,TAIPING,TS.DR.RAMA,BEBAS (ARNAB),113
PERAK,P.060,TAIPING,LEOW THYE YIH,BEBAS (BEBAS),"1,154"
PERAK,P.061,PADANG RENGAS,KAPTEN AZAHARI,PERIKATAN NASIONAL (PN),"12,931"
PERAK,P.061,PADANG RENGAS,MOHD ARRIF BIN ABDUL MAJID,BARISAN NASIONAL (BN),"9,885"
PERAK,P.061,PADANG RENGAS,KAMIL MUNIM,PAKATAN HARAPAN (PH),"7,062"
PERAK,P.062,SUNGAI SIPUT,INDRANI,BEBAS (KUNCI),767
PERAK,P.062,SUNGAI SIPUT,HAJI BAHA,BEBAS (BUKU),598
PERAK,P.062,SUNGAI SIPUT,TAN SRI SA. VIGNESWARAN (TSV),BARISAN NASIONAL (BN),"19,791"
PERAK,P.062,SUNGAI SIPUT,S. KESAVAN,PAKATAN HARAPAN (PH),"21,637"
PERAK,P.062,SUNGAI SIPUT,AHMAD FAUZI BIN MOHD JAAFAR,PARTI PEJUANG TANAHAIR (PEJUANG),784
PERAK,P.062,SUNGAI SIPUT,RAJAH A/L NARASAIM,BEBAS (KUDA),35
PERAK,P.062,SUNGAI SIPUT,DATO SRI IRUDIANATHAN,PERIKATAN NASIONAL (PN),"8,190"
PERAK,P.063,TAMBUN,ANWAR IBRAHIM,PAKATAN HARAPAN (PH),"49,625"
PERAK,P.063,TAMBUN,AMINUDDIN HANAFIAH,BARISAN NASIONAL (BN),"28,140"
PERAK,P.063,TAMBUN,ABDUL RAHIM TAHIR,PARTI PEJUANG TANAHAIR (PEJUANG),"1,115"
PERAK,P.063,TAMBUN,AHMAD FAIZAL AZUMU @ PEJA,PERIKATAN NASIONAL (PN),"45,889"
PERAK,P.064,IPOH TIMOR,NOR AFZAINIZAM BIN SALLEH,PERIKATAN NASIONAL (PN),"13,661"
PERAK,P.064,IPOH TIMOR,NG KAI CHEONG,BARISAN NASIONAL (BN),"8,570"
PERAK,P.064,IPOH TIMOR,HOWARD LEE CHUAN HOW,PAKATAN HARAPAN (PH),"57,549"
PERAK,P.065,IPOH BARAT,AH NAN,BARISAN NASIONAL (BN),"7,248"
PERAK,P.065,IPOH BARAT,M. KULA,PAKATAN HARAPAN (PH),"63,915"
PERAK,P.065,IPOH BARAT,CHEK KWONG WENG,PERIKATAN NASIONAL (PN),"6,815"
PERAK,P.065,IPOH BARAT,TAN SRI M KAYVEAS,BEBAS (JAM),378
PERAK,P.066,BATU GAJAH,TEOH CHIN CHONG,BARISAN NASIONAL (BN),"6,793"
PERAK,P.066,BATU GAJAH,V. SIVAKUMAR,PAKATAN HARAPAN (PH),"60,999"
PERAK,P.066,BATU GAJAH,WOO CHEONG YUEN,PERIKATAN NASIONAL (PN),"7,163"
PERAK,P.067,KUALA KANGSAR,ISKANDAR DZULKARNAIN,PERIKATAN NASIONAL (PN),"14,380"
PERAK,P.067,KUALA KANGSAR,MASLIN SHAM BIN RAZMAN,BARISAN NASIONAL (BN),"10,814"
PERAK,P.067,KUALA KANGSAR,DR YUSMALIA BT MOHAMAD YUSOF,PARTI PEJUANG TANAHAIR (PEJUANG),204
PERAK,P.067,KUALA KANGSAR,DR. AHMAD TERMIZI RAMLI,PAKATAN HARAPAN (PH),"10,356"
PERAK,P.068,BERUAS,DATO' NGEH KOO HAM,PAKATAN HARAPAN (PH),"46,710"
PERAK,P.068,BERUAS,Ir. ONG KEAN SING,PERIKATAN NASIONAL (PN),"12,739"
PERAK,P.068,BERUAS,DING SIEW CHEE,BARISAN NASIONAL (BN),"12,724"
PERAK,P.069,PARIT,USTAZ ISMI,PERIKATAN NASIONAL (PN),"17,181"
PERAK,P.069,PARIT,NURTHAQAFFAH NORDIN,PAKATAN HARAPAN (PH),"5,063"
PERAK,P.069,PARIT,DATO' NIZAR,BARISAN NASIONAL (BN),"15,026"
PERAK,P.069,PARIT,DR. FAIZOL FADZLI,PARTI PEJUANG TANAHAIR (PEJUANG),275
PERAK,P.070,KAMPAR,LEE CHEE LEONG,BARISAN NASIONAL (BN),"16,137"
PERAK,P.070,KAMPAR,JANICE WONG,PERIKATAN NASIONAL (PN),"12,127"
PERAK,P.070,KAMPAR,CHONG ZHEMIN,PAKATAN HARAPAN (PH),"30,467"
PERAK,P.070,KAMPAR,LEONG CHEOK LUNG,PARTI WARISAN SABAH (WARISAN),655
PERAK,P.071,GOPENG,MUHAMMAD FARHAN BIN ABDUL RAHIM,PERIKATAN NASIONAL (PN),"28,732"
PERAK,P.071,GOPENG,CALLY TING,BARISAN NASIONAL (BN),"18,393"
PERAK,P.071,GOPENG,TAN KAR HING,PAKATAN HARAPAN (PH),"55,880"
PERAK,P.071,GOPENG,BALACHANDRAN A/L GOPAL,PARTI WARISAN SABAH (WARISAN),633
PERAK,P.072,TAPAH,SARASWATHY KANDASAMI,PAKATAN HARAPAN (PH),"13,334"
PERAK,P.072,TAPAH,DATUK HAJI MUHAMMAD YADZAN BIN HAJI MOHAMMAD,PERIKATAN NASIONAL (PN),"12,115"
PERAK,P.072,TAPAH,MOHAMED AKBAR B. YASIN,PARTI WARISAN SABAH (WARISAN),200
PERAK,P.072,TAPAH,DATUK SERI M. SARAVANAN,BARISAN NASIONAL (BN),"18,398"
PERAK,P.072,TAPAH,M. KATHIRAVAN,BEBAS (KUNCI),99
PERAK,P.072,TAPAH,MIOR HAIDIR,PARTI PEJUANG TANAHAIR (PEJUANG),194
PERAK,P.073,PASIR SALAK,ZAIROL HIZAM BIN ZAKARIA,PARTI PEJUANG TANAHAIR (PEJUANG),539
PERAK,P.073,PASIR SALAK,USTAZ NIK OMAR,PAKATAN HARAPAN (PH),"11,693"
PERAK,P.073,PASIR SALAK,USTAZ JAMALUDIN BIN YAHYA,PERIKATAN NASIONAL (PN),"24,897"
PERAK,P.073,PASIR SALAK,KHAIRUL AZWAN HARUN,BARISAN NASIONAL (BN),"19,894"
PERAK,P.074,LUMUT,DR ZAMBRY ABD KADIR,BARISAN NASIONAL (BN),"24,849"
PERAK,P.074,LUMUT,DR HATTA RAMLI,PAKATAN HARAPAN (PH),"20,358"
PERAK,P.074,LUMUT,KOMANDER (B) NORDIN,PERIKATAN NASIONAL (PN),"25,212"
PERAK,P.074,LUMUT,KOMANDER ISNIN,PARTI WARISAN SABAH (WARISAN),358
PERAK,P.074,LUMUT,MAZLAN ABD GHANI,PARTI PEJUANG TANAHAIR (PEJUANG),385
PERAK,P.075,BAGAN DATUK,TAWFIK TUN DR ISMAIL,BEBAS (KUNCI),226
PERAK,P.075,BAGAN DATUK,DR. FAIZ NA'AMAN,PERIKATAN NASIONAL (PN),"8,822"
PERAK,P.075,BAGAN DATUK,DATUK SERI HAJI SHAMSUL ISKANDAR,PAKATAN HARAPAN (PH),"16,230"
PERAK,P.075,BAGAN DATUK,ZAHID HAMIDI,BARISAN NASIONAL (BN),"16,578"
PERAK,P.076,TELUK INTAN,NGA KOR MING,PAKATAN HARAPAN (PH),"33,133"
PERAK,P.076,TELUK INTAN,DATO T. MURUGIAH,BARISAN NASIONAL (BN),"12,304"
PERAK,P.076,TELUK INTAN,AMIR KHUSYAIRI,PARTI PEJUANG TANAHAIR (PEJUANG),793
PERAK,P.076,TELUK INTAN,ZAINOL FADZI PAHARUDIN,PERIKATAN NASIONAL (PN),"17,964"
PERAK,P.077,TANJONG MALIM,DATUK JAMALUDDIN BIN MOHD. RADZI,BEBAS (KUDA),"1,032"
PERAK,P.077,TANJONG MALIM,CIKGU IZZAT JOHARI,BEBAS (PEN),328
PERAK,P.077,TANJONG MALIM,CHANG LIH KANG,PAKATAN HARAPAN (PH),"25,140"
PERAK,P.077,TANJONG MALIM,DR MAH HANG SOON,BARISAN NASIONAL (BN),"20,963"
PERAK,P.077,TANJONG MALIM,NOLEE RADZI,PERIKATAN NASIONAL (PN),"21,599"
PERAK,P.077,TANJONG MALIM,DR AMIR HAMZAH,PARTI PEJUANG TANAHAIR (PEJUANG),609
PAHANG,P.078,CAMERON HIGHLANDS,DATO' RAMLI BIN MOHD NOR,BARISAN NASIONAL (BN),"16,120"
PAHANG,P.078,CAMERON HIGHLANDS,DR. ABDUL RASID,PERIKATAN NASIONAL (PN),"5,569"
PAHANG,P.078,CAMERON HIGHLANDS,CHIONG YOKE KONG,PAKATAN HARAPAN (PH),"11,576"
PAHANG,P.079,LIPIS,DATO' SHAHRUM,PERIKATAN NASIONAL (PN),"11,554"
PAHANG,P.079,LIPIS,AISHATON BINTI ABU BAKAR,PARTI PEJUANG TANAHAIR (PEJUANG),263
PAHANG,P.079,LIPIS,TENGKU ZULPURI SHAH BIN RAJA PUJI,PAKATAN HARAPAN (PH),"6,366"
PAHANG,P.079,LIPIS,DATO SRI ABDUL RAHMAN BIN MOHAMAD,BARISAN NASIONAL (BN),"17,672"
PAHANG,P.080,RAUB,CHOW YU HUI,PAKATAN HARAPAN (PH),"21,613"
PAHANG,P.080,RAUB,NORKHAIRUL ANUAR BIN MOHAMED NOR,PARTI PEJUANG TANAHAIR (PEJUANG),427
PAHANG,P.080,RAUB,CHONG SIN WOON,BARISAN NASIONAL (BN),"16,939"
PAHANG,P.080,RAUB,DATO FAKRUNIZAM IBRAHIM,PERIKATAN NASIONAL (PN),"17,256"
PAHANG,P.081,JERANTUT,DATO' DR HASSAN BASRI BIN AWANG MAT DAHAN,PAKATAN HARAPAN (PH),"11,444"
PAHANG,P.081,JERANTUT,DATO' MOHD ZUKARMI,BARISAN NASIONAL (BN),"23,609"
PAHANG,P.081,JERANTUT,IR. HAJI KHAIRIL,PERIKATAN NASIONAL (PN),"31,701"
PAHANG,P.082,INDERA MAHKOTA,DR. MOHAMAD NOR BIN SUNDARI,PARTI PEJUANG TANAHAIR (PEJUANG),"1,864"
PAHANG,P.082,INDERA MAHKOTA,DATO' SRI SAIFUDDIN ABDULLAH,PERIKATAN NASIONAL (PN),"41,692"
PAHANG,P.082,INDERA MAHKOTA,HAJI ZURAIDI ISMAIL,PAKATAN HARAPAN (PH),"33,293"
PAHANG,P.082,INDERA MAHKOTA,DATO' QUEK TAI SEONG,BARISAN NASIONAL (BN),"16,530"
PAHANG,P.083,KUANTAN,DATO' SRI AB HAMID BIN MOHD NAZAHAR,BARISAN NASIONAL (BN),"19,114"
PAHANG,P.083,KUANTAN,FUZIAH SALLEH,PAKATAN HARAPAN (PH),"22,648"
PAHANG,P.083,KUANTAN,WAN RAZALI WAN NOR,PERIKATAN NASIONAL (PN),"25,514"
PAHANG,P.083,KUANTAN,MEJAR ANUAR TAJUDDIN (B),PARTI PEJUANG TANAHAIR (PEJUANG),486
PAHANG,P.084,PAYA BESAR,USTAZ AIRE ROSLAN,PERIKATAN NASIONAL (PN),"25,582"
PAHANG,P.084,PAYA BESAR,Ir. ROSMINAHAR,PARTI PEJUANG TANAHAIR (PEJUANG),310
PAHANG,P.084,PAYA BESAR,AHMAD AZAM,PAKATAN HARAPAN (PH),"9,192"
PAHANG,P.084,PAYA BESAR,DATO' INDERA MOHD SHAHAR BIN ABDULLAH,BARISAN NASIONAL (BN),"26,899"
PAHANG,P.085,PEKAN,SH MOHMED PUZI BIN SH ALI,BARISAN NASIONAL (BN),"47,418"
PAHANG,P.085,PEKAN,MOHD NAIM ZAINAL ABIDIN,PAKATAN HARAPAN (PH),"6,316"
PAHANG,P.085,PEKAN,TENGKU DATO' HISHAM,BEBAS (RUMAH),366
PAHANG,P.085,PEKAN,DATO' RADHI ABDUL RAZAK,PARTI PEJUANG TANAHAIR (PEJUANG),472
PAHANG,P.085,PEKAN,USTAZ MOHD FADHIL NOOR,PERIKATAN NASIONAL (PN),"38,469"
PAHANG,P.086,MARAN,MUHAMAD HAFIZ AL-HAFIZ,BEBAS (PEN),166
PAHANG,P.086,MARAN,SHAHANIZA SHAMSUDDIN,BARISAN NASIONAL (BN),"17,779"
PAHANG,P.086,MARAN,DATO SRI DR HJ ISMAIL B HJ ABD MUTTALIB,PERIKATAN NASIONAL (PN),"19,600"
PAHANG,P.086,MARAN,AHMAD SHUHOR,PAKATAN HARAPAN (PH),"3,547"
PAHANG,P.087,KUALA KRAU,DATO' SRI DR HAJI ISMAIL BIN MOHAMED SAID,BARISAN NASIONAL (BN),"21,481"
PAHANG,P.087,KUALA KRAU,USTAZ HAJI KAMAL BIN ASHAARI,PERIKATAN NASIONAL (PN),"22,505"
PAHANG,P.087,KUALA KRAU,JUHARI OSMAN,PAKATAN HARAPAN (PH),"3,593"
PAHANG,P.087,KUALA KRAU,SHAHRUDDIN MOHAMED SALLEH,PARTI PEJUANG TANAHAIR (PEJUANG),174
PAHANG,P.088,TEMERLOH,DATO' SRI HJ MOHD SHARKAR BIN HJ SHAMSUDIN,BARISAN NASIONAL (BN),"25,191"
PAHANG,P.088,TEMERLOH,HJH SALAMIAH MOHD NOR,PERIKATAN NASIONAL (PN),"30,929"
PAHANG,P.088,TEMERLOH,HASBIE MUDA,PAKATAN HARAPAN (PH),"25,409"
PAHANG,P.088,TEMERLOH,AMINUDDIN BIN YAHAYA,PARTI PEJUANG TANAHAIR (PEJUANG),"1,108"
PAHANG,P.089,BENTONG,ACHIK KHALIL,BEBAS (PEN),168
PAHANG,P.089,BENTONG,YOUNG SYEFURA BINTI OTHMAN,PAKATAN HARAPAN (PH),"25,075"
PAHANG,P.089,BENTONG,TAN SRI LIOW TIONG LAI,BARISAN NASIONAL (BN),"24,383"
PAHANG,P.089,BENTONG,DATUK ROSLAN HASSAN,PERIKATAN NASIONAL (PN),"16,233"
PAHANG,P.089,BENTONG,WONG TACK,BEBAS (CANGKUL),798
PAHANG,P.090,BERA,DATO ASMAWI,PERIKATAN NASIONAL (PN),"12,719"
PAHANG,P.090,BERA,ISMAIL SABRI BIN YAAKOB,BARISAN NASIONAL (BN),"31,762"
PAHANG,P.090,BERA,HAJI ABAS BIN AWANG,PAKATAN HARAPAN (PH),"15,067"
PAHANG,P.091,ROMPIN,HAMIZI BIN HUSSAIN,BEBAS (BUKU),408
PAHANG,P.091,ROMPIN,DATO' SRI HAJI HASAN BIN ARIFIN,BARISAN NASIONAL (BN),"30,151"
PAHANG,P.091,ROMPIN,DATO' KHALIB,PERIKATAN NASIONAL (PN),"31,589"
PAHANG,P.091,ROMPIN,ERMAN SHAH,PAKATAN HARAPAN (PH),"4,779"
SELANGOR,P.092,SABAK BERNAM,DATO` SRI EIZLAN YUSOF,PARTI PEJUANG TANAHAIR (PEJUANG),460
SELANGOR,P.092,SABAK BERNAM,ABD RAHMAN BIN BAKRI,BARISAN NASIONAL (BN),"12,917"
SELANGOR,P.092,SABAK BERNAM,CIKGU KALAM BIN SALAN,PERIKATAN NASIONAL (PN),"17,973"
SELANGOR,P.092,SABAK BERNAM,HJ. SHAMSUL MA`ARIF ISMAIL,PAKATAN HARAPAN (PH),"9,627"
SELANGOR,P.093,SUNGAI BESAR,DATO' SRI JAMAL YUNOS,BARISAN NASIONAL (BN),"13,984"
SELANGOR,P.093,SUNGAI BESAR,DATO' ASMAWAR BIN SAMAT,PARTI PEJUANG TANAHAIR (PEJUANG),225
SELANGOR,P.093,SUNGAI BESAR,CIKGU MUSLIMIN YAHAYA,PERIKATAN NASIONAL (PN),"19,791"
SELANGOR,P.093,SUNGAI BESAR,HJ SAIPOLYAZAN M YUSOP,PAKATAN HARAPAN (PH),"17,070"
SELANGOR,P.094,HULU SELANGOR,AZLINDA BINTI BARONI,BEBAS (PEN),446
SELANGOR,P.094,HULU SELANGOR,DATUK T.MOHAN,BARISAN NASIONAL (BN),"27,050"
SELANGOR,P.094,HULU SELANGOR,HARUMAINI BIN HAJI OMAR,PARTI PEJUANG TANAHAIR (PEJUANG),"1,849"
SELANGOR,P.094,HULU SELANGOR,DR. SATHIA PRAKASH NADARAJAN,PAKATAN HARAPAN (PH),"45,261"
SELANGOR,P.094,HULU SELANGOR,HANIZA TALHA,PARTI BANGSA MALAYSIA (PBM),"1,013"
SELANGOR,P.094,HULU SELANGOR,HASNIZAN HARUN,PERIKATAN NASIONAL (PN),"46,823"
SELANGOR,P.095,TANJONG KARANG,LANDO BROTHERHOOD,PARTI PEJUANG TANAHAIR (PEJUANG),"3,557"
SELANGOR,P.095,TANJONG KARANG,MOHD ROSNI,BEBAS (POKOK),"1,406"
SELANGOR,P.095,TANJONG KARANG,KAPT (B) DATO DR ZULKAFPERI,PERIKATAN NASIONAL (PN),"18,054"
SELANGOR,P.095,TANJONG KARANG,CIKGU RAHAYU,PARTI IKATAN DEMOKRATIK MALAYSIA (MUDA),"12,314"
SELANGOR,P.095,TANJONG KARANG,DATO' HJH. HABIBAH,BARISAN NASIONAL (BN),"15,874"
SELANGOR,P.096,KUALA SELANGOR,TENGKU ZAFRUL AZIZ,BARISAN NASIONAL (BN),"30,031"
SELANGOR,P.096,KUALA SELANGOR,YB SHAID ROSLI,PARTI PEJUANG TANAHAIR (PEJUANG),"1,778"
SELANGOR,P.096,KUALA SELANGOR,DS DR DZULKEFLY BIN AHMAD,PAKATAN HARAPAN (PH),"31,033"
SELANGOR,P.096,KUALA SELANGOR,USTAZ MOHD NOOR SHAHAR,PERIKATAN NASIONAL (PN),"23,639"
SELANGOR,P.097,SELAYANG,DATUK ABDUL RASHID ASARI,PERIKATAN NASIONAL (PN),"49,154"
SELANGOR,P.097,SELAYANG,CHAN WUN HOONG,BARISAN NASIONAL (BN),"19,425"
SELANGOR,P.097,SELAYANG,SALLEH AMIRUDDIN,PARTI PEJUANG TANAHAIR (PEJUANG),"2,584"
SELANGOR,P.097,SELAYANG,MUHAMMAD ZAKI BIN OMAR,BEBAS (PEN),945
SELANGOR,P.097,SELAYANG,WILLIAM LEONG JEE KEEN,PAKATAN HARAPAN (PH),"72,773"
SELANGOR,P.098,GOMBAK,DATO' SERI AZMIN ALI,PERIKATAN NASIONAL (PN),"59,538"
SELANGOR,P.098,GOMBAK,AMIRUDIN SHARI,PAKATAN HARAPAN (PH),"72,267"
SELANGOR,P.098,GOMBAK,DATUK DR. AZIZ JAMALUDIN,PARTI PEJUANG TANAHAIR (PEJUANG),"2,223"
SELANGOR,P.098,GOMBAK,Ir Hj ZULKIFLI,BEBAS (PEN),675
SELANGOR,P.098,GOMBAK,MEGAT ZULKARNAIN BIN OMARDIN,BARISAN NASIONAL (BN),"30,723"
SELANGOR,P.099,AMPANG,RODZIAH ISMAIL,PAKATAN HARAPAN (PH),"56,754"
SELANGOR,P.099,AMPANG,IVONE LOW YI WEN,BARISAN NASIONAL (BN),"11,509"
SELANGOR,P.099,AMPANG,M.RAVEEN,BEBAS (PEN),148
SELANGOR,P.099,AMPANG,ZURAIDA BINTI KAMARUDDIN,PARTI BANGSA MALAYSIA (PBM),"4,589"
SELANGOR,P.099,AMPANG,DR. NURUL ASHIKIN,PARTI PEJUANG TANAHAIR (PEJUANG),"2,653"
SELANGOR,P.099,AMPANG,BRYAN LAI,PARTI WARISAN SABAH (WARISAN),"1,423"
SELANGOR,P.099,AMPANG,SASHA LYNA,PERIKATAN NASIONAL (PN),"27,073"
SELANGOR,P.099,AMPANG,MUHAMMAD SHAFIQ IZWAN BIN MOHD YUNOS,BEBAS (JAM),188
SELANGOR,P.099,AMPANG,TAN HUA MENG,BEBAS (GAJAH),93
SELANGOR,P.100,PANDAN,RAFIZI RAMLI,PAKATAN HARAPAN (PH),"74,002"
SELANGOR,P.100,PANDAN,ONG TEE KEAT,PARTI WARISAN SABAH (WARISAN),"3,323"
SELANGOR,P.100,PANDAN,FARIQUE ZUBIR,PERIKATAN NASIONAL (PN),"25,706"
SELANGOR,P.100,PANDAN,NADIA HANAFIAH,PARTI PEJUANG TANAHAIR (PEJUANG),961
SELANGOR,P.100,PANDAN,LEONG KOK WEE,BARISAN NASIONAL (BN),"11,664"
SELANGOR,P.101,HULU LANGAT,YB MOHD SANY HAMZAN,PAKATAN HARAPAN (PH),"58,382"
SELANGOR,P.101,HULU LANGAT,DATO HAJI MARKIMAN KOBIRAN,PARTI PEJUANG TANAHAIR (PEJUANG),"1,655"
SELANGOR,P.101,HULU LANGAT,DATO' ABDUL RAHMAN BIN JAAFAR,PARTI WARISAN SABAH (WARISAN),370
SELANGOR,P.101,HULU LANGAT,DATUK WIRA HAJI JOHAN BIN ABD AZIZ,BARISAN NASIONAL (BN),"32,570"
SELANGOR,P.101,HULU LANGAT,DR MOHAMED MUSTAFA,BEBAS (POKOK),326
SELANGOR,P.101,HULU LANGAT,DATO' DR. MOHD RADZI ABD LATIF,PERIKATAN NASIONAL (PN),"43,486"
SELANGOR,P.102,BANGI,NAZRUL NAZIR,PERIKATAN NASIONAL (PN),"71,867"
SELANGOR,P.102,BANGI,DR. JAMAL,BEBAS (KUNCI),676
SELANGOR,P.102,BANGI,HOH HEE LEE,BARISAN NASIONAL (BN),"25,685"
SELANGOR,P.102,BANGI,FAUZI HASIM,BEBAS (PEN),401
SELANGOR,P.102,BANGI,ASSOCIATE PROF. SUTHAN M,BEBAS (CANGKUL),194
SELANGOR,P.102,BANGI,CHEE CHEE MENG,PARTI RAKYAT MALAYSIA (PRM),752
SELANGOR,P.102,BANGI,SYAHREDZAN BIN JOHAN,PAKATAN HARAPAN (PH),"141,568"
SELANGOR,P.102,BANGI,USTAZ ANNUAR BIN SALLEH,PARTI PEJUANG TANAHAIR (PEJUANG),"3,148"
SELANGOR,P.103,PUCHONG,YEO BEE YIN,PAKATAN HARAPAN (PH),"79,425"
SELANGOR,P.103,PUCHONG,UNCLE KENTANG,BEBAS (TELEFON),"1,793"
SELANGOR,P.103,PUCHONG,DATUK SERI HAJI SYED IBRAHIM,BARISAN NASIONAL (BN),"21,468"
SELANGOR,P.103,PUCHONG,JIMMY CHEW JYH GANG,PERIKATAN NASIONAL (PN),"18,263"
SELANGOR,P.104,SUBANG,ALEX ANG H N,PERIKATAN NASIONAL (PN),"23,185"
SELANGOR,P.104,SUBANG,DR KOW,BARISAN NASIONAL (BN),"16,539"
SELANGOR,P.104,SUBANG,WONG CHEN,PAKATAN HARAPAN (PH),"138,259"
SELANGOR,P.105,PETALING JAYA,DATUK EZAM MOHD NOR,PARTI RAKYAT MALAYSIA (PRM),"2,049"
SELANGOR,P.105,PETALING JAYA,DR. K. J. JOHN,BEBAS (KUNCI),461
SELANGOR,P.105,PETALING JAYA,CHEW HIAN TAT,BARISAN NASIONAL (BN),"23,253"
SELANGOR,P.105,PETALING JAYA,MAZWEEN MOKHTAR,PARTI PEJUANG TANAHAIR (PEJUANG),"4,052"
SELANGOR,P.105,PETALING JAYA,DATO THENG BOOK,PERIKATAN NASIONAL (PN),"32,736"
SELANGOR,P.105,PETALING JAYA,LEE CHEAN CHUNG,PAKATAN HARAPAN (PH),"83,311"
SELANGOR,P.106,DAMANSARA,GOBIND SINGH DEO,PAKATAN HARAPAN (PH),"142,875"
SELANGOR,P.106,DAMANSARA,LIM SI CHING,PERIKATAN NASIONAL (PN),"18,256"
SELANGOR,P.106,DAMANSARA,TAN GIM TUAN GT,BARISAN NASIONAL (BN),"13,806"
SELANGOR,P.107,SUNGAI BULOH,AHMAD JUFLIZ,PARTI RAKYAT MALAYSIA (PRM),279
SELANGOR,P.107,SUNGAI BULOH,AKMAL YUSOFF,PARTI PEJUANG TANAHAIR (PEJUANG),829
SELANGOR,P.107,SUNGAI BULOH,SIFU LINDA,BEBAS (BUKU),113
SELANGOR,P.107,SUNGAI BULOH,KHAIRY JAMALUDDIN,BARISAN NASIONAL (BN),"48,250"
SELANGOR,P.107,SUNGAI BULOH,SYED RAZAK ALSAGOFF,BEBAS (BEBAS),165
SELANGOR,P.107,SUNGAI BULOH,RAMANAN RAMAKRISHNAN,PAKATAN HARAPAN (PH),"50,943"
SELANGOR,P.107,SUNGAI BULOH,HJ MOHD GHAZALI BIN MD HAMIN,PERIKATAN NASIONAL (PN),"29,060"
SELANGOR,P.108,SHAH ALAM,AZLI YUSOF,PAKATAN HARAPAN (PH),"61,409"
SELANGOR,P.108,SHAH ALAM,RAFIQUE RASHID,PARTI PEJUANG TANAHAIR (PEJUANG),"2,781"
SELANGOR,P.108,SHAH ALAM,ISHAM JALIL,BARISAN NASIONAL (BN),"28,266"
SELANGOR,P.108,SHAH ALAM,DR. AFIF BAHARDIN,PERIKATAN NASIONAL (PN),"43,314"
SELANGOR,P.109,KAPAR,MUHAMMAD BIN NOOR AZMAN,BARISAN NASIONAL (BN),"35,079"
SELANGOR,P.109,KAPAR,DR DAROYAH BINTI ALWI,PARTI BANGSA MALAYSIA (PBM),"1,474"
SELANGOR,P.109,KAPAR,UST. HJ. MOHD PATHAN BIN HUSSIN,PARTI PEJUANG TANAHAIR (PEJUANG),"1,015"
SELANGOR,P.109,KAPAR,DR HALIMAH ALI,PERIKATAN NASIONAL (PN),"65,751"
SELANGOR,P.109,KAPAR,DATO' SERI RAHIM,PARTI WARISAN SABAH (WARISAN),265
SELANGOR,P.109,KAPAR,DATO' SRI SIVALINGAM,BEBAS (GAJAH),477
SELANGOR,P.109,KAPAR,ABDULLAH SANI,PAKATAN HARAPAN (PH),"53,969"
SELANGOR,P.110,KLANG,DR JAYA,PERIKATAN NASIONAL (PN),"23,738"
SELANGOR,P.110,KLANG,HEDRHIN RAMLI @ AWIN,BEBAS (RUMAH),"3,016"
SELANGOR,P.110,KLANG,TEE HOOI LING,BARISAN NASIONAL (BN),"19,762"
SELANGOR,P.110,KLANG,DR. LOO CHENG WEE,PARTI WARISAN SABAH (WARISAN),"1,140"
SELANGOR,P.110,KLANG,CHANDRASEGAR,PARTI RAKYAT MALAYSIA (PRM),271
SELANGOR,P.110,KLANG,GANABATIRAU A/L VERAMAN,PAKATAN HARAPAN (PH),"115,539"
SELANGOR,P.110,KLANG,DEEPAK JAIKISHAN,BEBAS (CINCIN),439
SELANGOR,P.111,KOTA RAJA,FAHMI BAZLAN MUDA,PARTI PEJUANG TANAHAIR (PEJUANG),"2,063"
SELANGOR,P.111,KOTA RAJA,HAJI MOHAMED DIAH BAHARUN,PERIKATAN NASIONAL (PN),"49,308"
SELANGOR,P.111,KOTA RAJA,KUMAR KARANANEDI,BEBAS (CANGKUL),163
SELANGOR,P.111,KOTA RAJA,KAJENDRAN,BARISAN NASIONAL (BN),"22,225"
SELANGOR,P.111,KOTA RAJA,MOHD SABU,PAKATAN HARAPAN (PH),"123,306"
SELANGOR,P.111,KOTA RAJA,P.RAVEENTHARAN A/L A.PERIASAMY,BEBAS (GAJAH),209
SELANGOR,P.111,KOTA RAJA,SARAH AFIQAH,PARTI RAKYAT MALAYSIA (PRM),360
SELANGOR,P.111,KOTA RAJA,SURENDHAR SELVARAJU,BEBAS (BEBAS),106
SELANGOR,P.112,KUALA LANGAT,HAJAH ZANARIAH JUMHURI,BEBAS (PEN),512
SELANGOR,P.112,KUALA LANGAT,MOHANA MUNIANDY,BARISAN NASIONAL (BN),"18,685"
SELANGOR,P.112,KUALA LANGAT,MOHD RIDZUAN ABDULLAH,PARTI PEJUANG TANAHAIR (PEJUANG),591
SELANGOR,P.112,KUALA LANGAT,DR AHMAD YUNUS HAIRI,PERIKATAN NASIONAL (PN),"52,867"
SELANGOR,P.112,KUALA LANGAT,GANESKUMAR,PARTI RAKYAT MALAYSIA (PRM),171
SELANGOR,P.112,KUALA LANGAT,MANIVANAN GOWIN,PAKATAN HARAPAN (PH),"51,034"
SELANGOR,P.113,SEPANG,SYAHRUL AMRI MAT SARI,BEBAS (PEN),319
SELANGOR,P.113,SEPANG,CHE ASMAH IBRAHIM,PARTI PEJUANG TANAHAIR (PEJUANG),"2,337"
SELANGOR,P.113,SEPANG,DAUD LEONG,PARTI UTAMA RAKYAT (PUR),264
SELANGOR,P.113,SEPANG,AIMAN ATHIRAH,PAKATAN HARAPAN (PH),"56,264"
SELANGOR,P.113,SEPANG,M. MUNESWARAN,BEBAS (GAJAH),194
SELANGOR,P.113,SEPANG,DATUK SERI RINA HARUN,PERIKATAN NASIONAL (PN),"47,315"
SELANGOR,P.113,SEPANG,ANUAR BIN BASIRAN,BARISAN NASIONAL (BN),"31,097"
SELANGOR,P.113,SEPANG,NAGESWARAN RAVI,PARTI RAKYAT MALAYSIA (PRM),165
W.P KUALA LUMPUR,P.114,KEPONG,PHAANG JING FATT,PERIKATAN NASIONAL (PN),"2,795"
W.P KUALA LUMPUR,P.114,KEPONG,SHAUN YOUNG,PARTI WARISAN SABAH (WARISAN),528
W.P KUALA LUMPUR,P.114,KEPONG,YAP ZHENG HOE,BARISAN NASIONAL (BN),"3,227"
W.P KUALA LUMPUR,P.114,KEPONG,LIM LIP ENG,PAKATAN HARAPAN (PH),"64,308"
W.P KUALA LUMPUR,P.114,KEPONG,YEE POH PING,BEBAS (GAJAH),"1,461"
W.P KUALA LUMPUR,P.115,BATU,SITI KASIM,BEBAS (BEBAS),653
W.P KUALA LUMPUR,P.115,BATU,TIAN CHUA,BEBAS (KERUSI),"4,603"
W.P KUALA LUMPUR,P.115,BATU,PRABAKARAN PARAMESWARAN,PAKATAN HARAPAN (PH),"45,716"
W.P KUALA LUMPUR,P.115,BATU,ZULKIFLI FATTAH,PARTI RAKYAT MALAYSIA (PRM),137
W.P KUALA LUMPUR,P.115,BATU,TOO GAO LAN,BEBAS (KUNCI),112
W.P KUALA LUMPUR,P.115,BATU,WAN AZLIANA,PARTI PEJUANG TANAHAIR (PEJUANG),849
W.P KUALA LUMPUR,P.115,BATU,USTAZ AZHAR YAHYA,PERIKATAN NASIONAL (PN),"23,475"
W.P KUALA LUMPUR,P.115,BATU,NATHAN BATU,PARTI WARISAN SABAH (WARISAN),575
W.P KUALA LUMPUR,P.115,BATU,A. KOHILAN PILLAY,BARISAN NASIONAL (BN),"10,398"
W.P KUALA LUMPUR,P.115,BATU,NUR FATHIAH SYAZWANA @ CLEO,BEBAS (POKOK),628
W.P KUALA LUMPUR,P.116,WANGSA MAJU,ZAHIR HASSAN,PAKATAN HARAPAN (PH),"46,031"
W.P KUALA LUMPUR,P.116,WANGSA MAJU,WEE CHOO KEONG,PARTI WARISAN SABAH (WARISAN),576
W.P KUALA LUMPUR,P.116,WANGSA MAJU,SHAFEI ABDULLAH,BARISAN NASIONAL (BN),"19,595"
W.P KUALA LUMPUR,P.116,WANGSA MAJU,RAVEE SUNTHERALINGAM,BEBAS (KUNCI),216
W.P KUALA LUMPUR,P.116,WANGSA MAJU,USTAZAH NURIDAH,PERIKATAN NASIONAL (PN),"25,335"
W.P KUALA LUMPUR,P.116,WANGSA MAJU,NORZAILA,PARTI PEJUANG TANAHAIR (PEJUANG),987
W.P KUALA LUMPUR,P.117,SEGAMBUT,PRABAGARAN,PERIKATAN NASIONAL (PN),"8,754"
W.P KUALA LUMPUR,P.117,SEGAMBUT,DANIEL LING SIA CHIN,BARISAN NASIONAL (BN),"8,304"
W.P KUALA LUMPUR,P.117,SEGAMBUT,HANNAH YEOH,PAKATAN HARAPAN (PH),"68,438"
W.P KUALA LUMPUR,P.118,SETIAWANGSA,NIK NAZMI NIK AHMAD,PAKATAN HARAPAN (PH),"34,434"
W.P KUALA LUMPUR,P.118,SETIAWANGSA,BIBI SUNITA,PARTI PEJUANG TANAHAIR (PEJUANG),953
W.P KUALA LUMPUR,P.118,SETIAWANGSA,IZUDIN BIN ISHAK,BARISAN NASIONAL (BN),"16,333"
W.P KUALA LUMPUR,P.118,SETIAWANGSA,STANLEY LIM YEN TIONG,BEBAS (RUMAH),282
W.P KUALA LUMPUR,P.118,SETIAWANGSA,MEJAR MIOR ROSLI TUDM (B),BEBAS (POKOK),492
W.P KUALA LUMPUR,P.118,SETIAWANGSA,NURUL FADZILAH BINTI KAMALUDDIN,PERIKATAN NASIONAL (PN),"22,270"
W.P KUALA LUMPUR,P.119,TITIWANGSA,DR. ROSNI ADAM,PERIKATAN NASIONAL (PN),"14,518"
W.P KUALA LUMPUR,P.119,TITIWANGSA,KHALID ABD SAMAD,PAKATAN HARAPAN (PH),"20,410"
W.P KUALA LUMPUR,P.119,TITIWANGSA,DATO' SRI KHAIRUDDIN BIN ABU HASSAN,PARTI PEJUANG TANAHAIR (PEJUANG),888
W.P KUALA LUMPUR,P.119,TITIWANGSA,DATUK SERI JOHARI GHANI,BARISAN NASIONAL (BN),"25,042"
W.P KUALA LUMPUR,P.120,BUKIT BINTANG,EDWIN CHEN,PERIKATAN NASIONAL (PN),"4,259"
W.P KUALA LUMPUR,P.120,BUKIT BINTANG,FONG KUI LUN,PAKATAN HARAPAN (PH),"43,827"
W.P KUALA LUMPUR,P.120,BUKIT BINTANG,TAN TEIK PENG,BARISAN NASIONAL (BN),"4,850"
W.P KUALA LUMPUR,P.121,LEMBAH PANTAI,DR. ASMAH,PARTI PEJUANG TANAHAIR (PEJUANG),810
W.P KUALA LUMPUR,P.121,LEMBAH PANTAI,HAJI FAUZI ABU BAKAR,PERIKATAN NASIONAL (PN),"19,098"
W.P KUALA LUMPUR,P.121,LEMBAH PANTAI,FAHMI FADZIL,PAKATAN HARAPAN (PH),"35,359"
W.P KUALA LUMPUR,P.121,LEMBAH PANTAI,RAMLAN ASKOLANI,BARISAN NASIONAL (BN),"21,447"
W.P KUALA LUMPUR,P.122,SEPUTEH,LEE KAH HING,BARISAN NASIONAL (BN),"6,032"
W.P KUALA LUMPUR,P.122,SEPUTEH,WONG YEE YENG,PERIKATAN NASIONAL (PN),"6,047"
W.P KUALA LUMPUR,P.122,SEPUTEH,CHOY SAN YEH,BEBAS (BEBAS),865
W.P KUALA LUMPUR,P.122,SEPUTEH,TERESA KOK,PAKATAN HARAPAN (PH),"73,234"
W.P KUALA LUMPUR,P.122,SEPUTEH,LEE WAI HONG,BEBAS (ARNAB),"1,276"
W.P KUALA LUMPUR,P.123,CHERAS,TAN KOK WAI,PAKATAN HARAPAN (PH),"60,294"
W.P KUALA LUMPUR,P.123,CHERAS,CHONG YEW CHUAN,BARISAN NASIONAL (BN),"5,606"
W.P KUALA LUMPUR,P.123,CHERAS,RUBY CHIN,PERIKATAN NASIONAL (PN),"5,846"
W.P KUALA LUMPUR,P.124,BANDAR TUN RAZAK,DATO' SERI DR WAN AZIZAH BINTI WAN ISMAIL,PAKATAN HARAPAN (PH),"43,476"
W.P KUALA LUMPUR,P.124,BANDAR TUN RAZAK,DATUK CHEW YIN KEEN,BARISAN NASIONAL (BN),"15,886"
W.P KUALA LUMPUR,P.124,BANDAR TUN RAZAK,DATO KAMARUDIN JAFFAR,PERIKATAN NASIONAL (PN),"33,659"
W.P PUTRAJAYA,P.125,PUTRAJAYA,TENGKU ADNAN BIN TENGKU MANSOR,BARISAN NASIONAL (BN),"13,692"
W.P PUTRAJAYA,P.125,PUTRAJAYA,NORAISHAH MYDIN BINTI HAJI ABDUL AZIZ,PAKATAN HARAPAN (PH),"5,988"
W.P PUTRAJAYA,P.125,PUTRAJAYA,DATO' MOHD ROSLI BIN RAMLI,PARTI PEJUANG TANAHAIR (PEJUANG),878
W.P PUTRAJAYA,P.125,PUTRAJAYA,SAMSUDIN PKPKL,BEBAS (PEN),63
W.P PUTRAJAYA,P.125,PUTRAJAYA,DR. RADZI JIDIN (DRJ),PERIKATAN NASIONAL (PN),"16,002"
W.P PUTRAJAYA,P.125,PUTRAJAYA,LIM FICE BEE,BEBAS (POKOK),20
NEGERI SEMBILAN,P.126,JELEBU,AHMAD FAKHRI,PARTI PEJUANG TANAHAIR (PEJUANG),253
NEGERI SEMBILAN,P.126,JELEBU,JALALUDDIN BIN ALIAS,BARISAN NASIONAL (BN),"21,805"
NEGERI SEMBILAN,P.126,JELEBU,DATO' ZULKEFLY OMAR,PAKATAN HARAPAN (PH),"13,680"
NEGERI SEMBILAN,P.126,JELEBU,ZAHARUDDIN BABA SAMION,PERIKATAN NASIONAL (PN),"9,596"
NEGERI SEMBILAN,P.127,JEMPOL,AFFENDY SALLEH,PERIKATAN NASIONAL (PN),"16,722"
NEGERI SEMBILAN,P.127,JEMPOL,TAN SRI KHALID YUNUS,PARTI PEJUANG TANAHAIR (PEJUANG),654
NEGERI SEMBILAN,P.127,JEMPOL,DATO' HAJI SHAMSHULKAHAR BIN HAJI MOHD DELI,BARISAN NASIONAL (BN),"30,138"
NEGERI SEMBILAN,P.127,JEMPOL,NORWANI AHMAT,PAKATAN HARAPAN (PH),"24,281"
NEGERI SEMBILAN,P.128,SEREMBAN,LOKE SIEW FOOK,PAKATAN HARAPAN (PH),"63,916"
NEGERI SEMBILAN,P.128,SEREMBAN,IZZAT LESLY,BEBAS (PEN),373
NEGERI SEMBILAN,P.128,SEREMBAN,FELICIA WONG,BARISAN NASIONAL (BN),"24,584"
NEGERI SEMBILAN,P.128,SEREMBAN,SJN (B) MOHAMAD JANI,PARTI PEJUANG TANAHAIR (PEJUANG),"1,336"
NEGERI SEMBILAN,P.128,SEREMBAN,HAJI FADLI CHE ME,PERIKATAN NASIONAL (PN),"33,075"
NEGERI SEMBILAN,P.129,KUALA PILAH,KAMARULZAMAN KAMDIAS,PARTI PEJUANG TANAHAIR (PEJUANG),406
NEGERI SEMBILAN,P.129,KUALA PILAH,EDDIN SYAZLEE,PERIKATAN NASIONAL (PN),"11,560"
NEGERI SEMBILAN,P.129,KUALA PILAH,AZMAN BIN IDRIS,PARTI WARISAN SABAH (WARISAN),333
NEGERI SEMBILAN,P.129,KUALA PILAH,NOR AZMAN MOHAMAD,PAKATAN HARAPAN (PH),"14,940"
NEGERI SEMBILAN,P.129,KUALA PILAH,DATO' HJ ADNAN HJ ABU HASSAN,BARISAN NASIONAL (BN),"21,423"
NEGERI SEMBILAN,P.130,RASAH,NG KIAN NAM,BARISAN NASIONAL (BN),"19,447"
NEGERI SEMBILAN,P.130,RASAH,DAVID CHOONG,PERIKATAN NASIONAL (PN),"18,810"
NEGERI SEMBILAN,P.130,RASAH,CHA KEE CHIN,PAKATAN HARAPAN (PH),"81,434"
NEGERI SEMBILAN,P.131,REMBAU,HJ. NAZREE YUNUS,PERIKATAN NASIONAL (PN),"21,875"
NEGERI SEMBILAN,P.131,REMBAU,TOK MAT,BARISAN NASIONAL (BN),"53,075"
NEGERI SEMBILAN,P.131,REMBAU,JUFITRI JOHA,PAKATAN HARAPAN (PH),"33,178"
NEGERI SEMBILAN,P.131,REMBAU,CIKGU TINA,PARTI SOSIALIS MALAYSIA (PSM),779
NEGERI SEMBILAN,P.131,REMBAU,RAMLY BIN AWALLUDIN,PARTI PEJUANG TANAHAIR (PEJUANG),529
NEGERI SEMBILAN,P.132,PORT DICKSON,CIKGU HAJI RAFIEI MUSTAPHA,PERIKATAN NASIONAL (PN),"18,235"
NEGERI SEMBILAN,P.132,PORT DICKSON,DATUK P.KAMALANATHAN,BARISAN NASIONAL (BN),"18,412"
NEGERI SEMBILAN,P.132,PORT DICKSON,RANI KULUP,BEBAS (PEN),441
NEGERI SEMBILAN,P.132,PORT DICKSON,DR. AHMAD IDHAM BIN AHMAD NADZRI,PARTI PEJUANG TANAHAIR (PEJUANG),"1,084"
NEGERI SEMBILAN,P.132,PORT DICKSON,DATO' SERI AMINUDDIN BIN HARUN,PAKATAN HARAPAN (PH),"42,013"
NEGERI SEMBILAN,P.133,TAMPIN,MOHD ISAM BIN MOHD ISA,BARISAN NASIONAL (BN),"23,283"
NEGERI SEMBILAN,P.133,TAMPIN,USTAZ ZAMANI IBRAHIM,PARTI PEJUANG TANAHAIR (PEJUANG),781
NEGERI SEMBILAN,P.133,TAMPIN,MEJAR (B) ABDUL HALIM,PERIKATAN NASIONAL (PN),"14,962"
NEGERI SEMBILAN,P.133,TAMPIN,FAIZ FADZIL,PAKATAN HARAPAN (PH),"22,007"
MELAKA,P.134,MASJID TANAH,ABDUL HAKIM BIN ABDUL WAHID,BARISAN NASIONAL (BN),"21,193"
MELAKA,P.134,MASJID TANAH,MAS ERMIEYATI,PERIKATAN NASIONAL (PN),"25,604"
MELAKA,P.134,MASJID TANAH,MUTALIB UTHMAN,PARTI IKATAN DEMOKRATIK MALAYSIA (MUDA),"7,445"
MELAKA,P.134,MASJID TANAH,HANDRAWIRAWAN BIN ABU BAKAR,PARTI PEJUANG TANAHAIR (PEJUANG),507
MELAKA,P.135,ALOR GAJAH,SHAHRIL HAMDAN,BARISAN NASIONAL (BN),"27,288"
MELAKA,P.135,ALOR GAJAH,ADLY ZAHARI,PAKATAN HARAPAN (PH),"28,178"
MELAKA,P.135,ALOR GAJAH,PAK WAN (DATUK SERI MOHD REDZUAN BIN MD YUSOF),PERIKATAN NASIONAL (PN),"17,211"
MELAKA,P.135,ALOR GAJAH,MUHAMMAD NAZRIQ ABDUL RAHMAN,PARTI PEJUANG TANAHAIR (PEJUANG),323
MELAKA,P.136,TANGGA BATU,GHAZALI BIN ABU,PARTI PEJUANG TANAHAIR (PEJUANG),702
MELAKA,P.136,TANGGA BATU,SHAHRIL MAHMOOD,BEBAS (PEN),267
MELAKA,P.136,TANGGA BATU,BAKRI JAMALUDDIN,PERIKATAN NASIONAL (PN),"37,406"
MELAKA,P.136,TANGGA BATU,PROF. MADYA RUSNAH ALUAI,PAKATAN HARAPAN (PH),"28,557"
MELAKA,P.136,TANGGA BATU,DATUK LIM BAN HONG,BARISAN NASIONAL (BN),"25,095"
MELAKA,P.137,HANG TUAH JAYA,ADAM ADLI,PAKATAN HARAPAN (PH),"39,418"
MELAKA,P.137,HANG TUAH JAYA,SHEIKH IKHZAN,PARTI PEJUANG TANAHAIR (PEJUANG),739
MELAKA,P.137,HANG TUAH JAYA,MOHD RIDHWAN BIN MOHD ALI,BARISAN NASIONAL (BN),"30,780"
MELAKA,P.137,HANG TUAH JAYA,MOHD AZRUDIN BIN MD IDRIS,PERIKATAN NASIONAL (PN),"23,549"
MELAKA,P.138,KOTA MELAKA,KHOO POAY TIONG,PAKATAN HARAPAN (PH),"73,995"
MELAKA,P.138,KOTA MELAKA,KON QI YAO,BARISAN NASIONAL (BN),"20,686"
MELAKA,P.138,KOTA MELAKA,DATO' DR. NORAZLAN,BEBAS (PEN),925
MELAKA,P.138,KOTA MELAKA,SUHAIME BORHAN,PERIKATAN NASIONAL (PN),"27,575"
MELAKA,P.139,JASIN,DATUK HARUN,PAKATAN HARAPAN (PH),"21,674"
MELAKA,P.139,JASIN,ROSLAN BIN AHMAD,BARISAN NASIONAL (BN),"27,571"
MELAKA,P.139,JASIN,MOHD DAUD NASIR,PARTI PEJUANG TANAHAIR (PEJUANG),460
MELAKA,P.139,JASIN,TUAN GURU ZULKIFLI ISMAIL,PERIKATAN NASIONAL (PN),"27,893"
JOHOR,P.140,SEGAMAT,SYED HAIROUL,PARTI PEJUANG TANAHAIR (PEJUANG),"1,062"
JOHOR,P.140,SEGAMAT,TAN SRI M RAMASAMY,BARISAN NASIONAL (BN),"17,768"
JOHOR,P.140,SEGAMAT,R. YUNESWARAN,PAKATAN HARAPAN (PH),"23,437"
JOHOR,P.140,SEGAMAT,POOBALAN PONNUSAMY,PERIKATAN NASIONAL (PN),"8,385"
JOHOR,P.141,SEKIJANG,MD SALLEHEEN BIN MOHAMAD,BARISAN NASIONAL (BN),"17,207"
JOHOR,P.141,SEKIJANG,UZZAIR BIN ISMAIL,PERIKATAN NASIONAL (PN),"11,612"
JOHOR,P.141,SEKIJANG,DR. MOHD ZOHAR,PARTI WARISAN SABAH (WARISAN),339
JOHOR,P.141,SEKIJANG,DR. ZALIHA MUSTAFA,PAKATAN HARAPAN (PH),"18,941"
JOHOR,P.141,SEKIJANG,SAIFUL FAIZAL,PARTI PEJUANG TANAHAIR (PEJUANG),138
JOHOR,P.142,LABIS,ALVIN CHANG,PERIKATAN NASIONAL (PN),"5,312"
JOHOR,P.142,LABIS,PANG HOK LIONG,PAKATAN HARAPAN (PH),"16,133"
JOHOR,P.142,LABIS,CHUA TEE YONG,BARISAN NASIONAL (BN),"13,300"
JOHOR,P.143,PAGOH,DATUK SERI RAZALI IBRAHIM,BARISAN NASIONAL (BN),"14,426"
JOHOR,P.143,PAGOH,TAN SRI MUHYIDDIN BIN MD YASIN,PERIKATAN NASIONAL (PN),"24,986"
JOHOR,P.143,PAGOH,ISKANDAR SHAH,PAKATAN HARAPAN (PH),"14,979"
JOHOR,P.144,LEDANG,SYED IBRAHIM SYED NOH,PAKATAN HARAPAN (PH),"33,650"
JOHOR,P.144,LEDANG,ZAINAL BAHROM,BEBAS (POKOK),75
JOHOR,P.144,LEDANG,CIKGU YUNUS,BEBAS (PEN),140
JOHOR,P.144,LEDANG,RAFIDAH RIDWAN,PARTI PEJUANG TANAHAIR (PEJUANG),269
JOHOR,P.144,LEDANG,HAMIM SAMURI,BARISAN NASIONAL (BN),"23,881"
JOHOR,P.144,LEDANG,ZAIDI HJ MAJID,PERIKATAN NASIONAL (PN),"22,292"
JOHOR,P.145,BAKRI,R. S. CHELVA,PERIKATAN NASIONAL (PN),"17,222"
JOHOR,P.145,BAKRI,CHRIS LEE CHING YONG,BARISAN NASIONAL (BN),"17,382"
JOHOR,P.145,BAKRI,TAN HONG PIN,PAKATAN HARAPAN (PH),"36,636"
JOHOR,P.145,BAKRI,HARON JAFFAR,BEBAS (KUNCI),"1,900"
JOHOR,P.146,MUAR,MOHD HELMY ABD.LATIF,BARISAN NASIONAL (BN),"14,581"
JOHOR,P.146,MUAR,USTAZ ABDULLAH HUSIN,PERIKATAN NASIONAL (PN),"18,616"
JOHOR,P.146,MUAR,SYED SADDIQ,PARTI IKATAN DEMOKRATIK MALAYSIA (MUDA),"19,961"
JOHOR,P.147,PARIT SULONG,NORAINI AHMAD,BARISAN NASIONAL (BN),"25,740"
JOHOR,P.147,PARIT SULONG,DR KARIM,PERIKATAN NASIONAL (PN),"23,719"
JOHOR,P.147,PARIT SULONG,MOHD FAIZAL DOLAH,PAKATAN HARAPAN (PH),"13,495"
JOHOR,P.148,AYER HITAM,WEE KA SIONG,BARISAN NASIONAL (BN),"18,911"
JOHOR,P.148,AYER HITAM,SHEIKH OMAR,PAKATAN HARAPAN (PH),"15,948"
JOHOR,P.148,AYER HITAM,SYAFIQ AZIZ,PERIKATAN NASIONAL (PN),"11,833"
JOHOR,P.149,SRI GADING,CIKGU HUDA,PAKATAN HARAPAN (PH),"23,242"
JOHOR,P.149,SRI GADING,ZANARIYAH,PERIKATAN NASIONAL (PN),"18,475"
JOHOR,P.149,SRI GADING,DATUK LASSIM BURHAN,BARISAN NASIONAL (BN),"19,242"
JOHOR,P.149,SRI GADING,MAHDZIR BIN IBRAHIM,PARTI PEJUANG TANAHAIR (PEJUANG),305
JOHOR,P.150,BATU PAHAT,ONN BIN ABU BAKAR,PAKATAN HARAPAN (PH),"45,242"
JOHOR,P.150,BATU PAHAT,ZAHARI BIN OSMAN,PARTI RAKYAT MALAYSIA (PRM),263
JOHOR,P.150,BATU PAHAT,ISHAK SIRAJ,BARISAN NASIONAL (BN),"24,309"
JOHOR,P.150,BATU PAHAT,NIZAM BASHIR,PARTI PEJUANG TANAHAIR (PEJUANG),410
JOHOR,P.150,BATU PAHAT,DATO' RASHID HASNON,PERIKATAN NASIONAL (PN),"29,270"
JOHOR,P.151,SIMPANG RENGGAM,DR MASZLEE MALIK,PAKATAN HARAPAN (PH),"16,491"
JOHOR,P.151,SIMPANG RENGGAM,KAMAL,PARTI PEJUANG TANAHAIR (PEJUANG),251
JOHOR,P.151,SIMPANG RENGGAM,FAZRUL KAMAT,PERIKATAN NASIONAL (PN),"9,077"
JOHOR,P.151,SIMPANG RENGGAM,HASNI BIN MOHAMMAD,BARISAN NASIONAL (BN),"18,312"
JOHOR,P.152,KLUANG,GAN PING SIEU,BARISAN NASIONAL (BN),"23,395"
JOHOR,P.152,KLUANG,WONG SHU QI,PAKATAN HARAPAN (PH),"49,801"
JOHOR,P.152,KLUANG,Ir. U. RAMENDRAN,BEBAS (KERETA),404
JOHOR,P.152,KLUANG,DZULKARNAIN BIN ALIAS,PERIKATAN NASIONAL (PN),"22,021"
JOHOR,P.153,SEMBRONG,HISHAMMUDDIN HUSSEIN,BARISAN NASIONAL (BN),"22,572"
JOHOR,P.153,SEMBRONG,HASNI ABAS,PAKATAN HARAPAN (PH),"11,692"
JOHOR,P.153,SEMBRONG,JOE AZIZ,PERIKATAN NASIONAL (PN),"6,666"
JOHOR,P.154,MERSING,ZULAIKHA ZAIDI,PAKATAN HARAPAN (PH),"6,813"
JOHOR,P.154,MERSING,ISMAIL BIN DON,BEBAS (TRAKTOR),89
JOHOR,P.154,MERSING,ISLAHUDDIN ABAS,PERIKATAN NASIONAL (PN),"21,066"
JOHOR,P.154,MERSING,NURFATIMAH IBRAHIM,PARTI PEJUANG TANAHAIR (PEJUANG),209
JOHOR,P.154,MERSING,ABD LATIF BANDI,BARISAN NASIONAL (BN),"18,729"
JOHOR,P.155,TENGGARA,MANNDZRI BIN NASIB,BARISAN NASIONAL (BN),"21,185"
JOHOR,P.155,TENGGARA,AZHAR PALAL,PARTI PEJUANG TANAHAIR (PEJUANG),353
JOHOR,P.155,TENGGARA,KOLONEL NAZARI,PERIKATAN NASIONAL (PN),"18,194"
JOHOR,P.155,TENGGARA,ZURAIDAH CHEDAH,PAKATAN HARAPAN (PH),"11,618"
JOHOR,P.156,KOTA TINGGI,KHALED NORDIN,BARISAN NASIONAL (BN),"25,410"
JOHOR,P.156,KOTA TINGGI,RIDHWAN RASMAN,PERIKATAN NASIONAL (PN),"17,020"
JOHOR,P.156,KOTA TINGGI,ONN JAAFAR,PAKATAN HARAPAN (PH),"4,903"
JOHOR,P.157,PENGERANG,CIKGU IMAM NIZAR,PERIKATAN NASIONAL (PN),"16,728"
JOHOR,P.157,PENGERANG,AZALINA OTHMAN SAID,BARISAN NASIONAL (BN),"21,738"
JOHOR,P.157,PENGERANG,CHE ZAKARIA BIN MOHD SALLEH,PAKATAN HARAPAN (PH),"3,374"
JOHOR,P.158,TEBRAU,JIMMY PUAH WEE TSE,PAKATAN HARAPAN (PH),"83,959"
JOHOR,P.158,TEBRAU,MOHAMAD ISA BIN MOHAMAD BASIR,PERIKATAN NASIONAL (PN),"53,239"
JOHOR,P.158,TEBRAU,NICOLE WONG,BARISAN NASIONAL (BN),"30,767"
JOHOR,P.159,PASIR GUDANG,NOOR AZLEEN AMBROS,BARISAN NASIONAL (BN),"37,369"
JOHOR,P.159,PASIR GUDANG,HASSAN ABDUL KARIM,PAKATAN HARAPAN (PH),"71,233"
JOHOR,P.159,PASIR GUDANG,MOHAMAD FARID BIN ABDUL RAZAK,PERIKATAN NASIONAL (PN),"39,675"
JOHOR,P.159,PASIR GUDANG,MOHAMMAD RAFFI BERAN,PARTI PEJUANG TANAHAIR (PEJUANG),"1,003"
JOHOR,P.160,JOHOR BAHRU,JOHAN ROPI,BARISAN NASIONAL (BN),"27,211"
JOHOR,P.160,JOHOR BAHRU,MOHTAJ,PERIKATAN NASIONAL (PN),"22,075"
JOHOR,P.160,JOHOR BAHRU,HAIRY MAHMOOD,PARTI PEJUANG TANAHAIR (PEJUANG),"1,855"
JOHOR,P.160,JOHOR BAHRU,AKMAL NASIR,PAKATAN HARAPAN (PH),"43,252"
JOHOR,P.161,PULAI,NUR JAZLAN,BARISAN NASIONAL (BN),"31,726"
JOHOR,P.161,PULAI,LOH KAH YONG,PERIKATAN NASIONAL (PN),"20,677"
JOHOR,P.161,PULAI,DATUK SERI SALAHUDDIN AYUB,PAKATAN HARAPAN (PH),"64,900"
JOHOR,P.162,ISKANDAR PUTERI,JASHEN TAN,PERIKATAN NASIONAL (PN),"30,078"
JOHOR,P.162,ISKANDAR PUTERI,DATUK JASON TEOH,BARISAN NASIONAL (BN),"36,783"
JOHOR,P.162,ISKANDAR PUTERI,LIEW CHIN TONG,PAKATAN HARAPAN (PH),"96,819"
JOHOR,P.163,KULAI,CHUA JIAN BOON,BARISAN NASIONAL (BN),"29,506"
JOHOR,P.163,KULAI,TEO NIE CHING,PAKATAN HARAPAN (PH),"65,529"
JOHOR,P.163,KULAI,DATO' TAN,PERIKATAN NASIONAL (PN),"20,218"
JOHOR,P.164,PONTIAN,CIKGU ISA BIN AB HAMID,PERIKATAN NASIONAL (PN),"17,443"
JOHOR,P.164,PONTIAN,DATUK SERI AHMAD MASLAN,BARISAN NASIONAL (BN),"23,201"
JOHOR,P.164,PONTIAN,SHAZWAN ZDAINAL,PAKATAN HARAPAN (PH),"15,901"
JOHOR,P.164,PONTIAN,JAMALUDDIN MOHAMAD,PARTI PEJUANG TANAHAIR (PEJUANG),306
JOHOR,P.165,TANJUNG PIAI,NAJWAH HALIMAH,PERIKATAN NASIONAL (PN),"13,762"
JOHOR,P.165,TANJUNG PIAI,WEE JECK SENG,BARISAN NASIONAL (BN),"23,593"
JOHOR,P.165,TANJUNG PIAI,LIM WEI JIET,PARTI IKATAN DEMOKRATIK MALAYSIA (MUDA),"17,233"
W.P LABUAN,P.166,LABUAN,RAMLE,PARTI PEJUANG TANAHAIR (PEJUANG),90
W.P LABUAN,P.166,LABUAN,DATO' DR. SUHAILI ABDUL RAHMAN,PERIKATAN NASIONAL (PN),"8,124"
W.P LABUAN,P.166,LABUAN,BASHIR BIN ALIAS,BARISAN NASIONAL (BN),"7,416"
W.P LABUAN,P.166,LABUAN,DATUK WIRA DR RAMLI,PAKATAN HARAPAN (PH),"5,307"
W.P LABUAN,P.166,LABUAN,DATUK ROZMAN ISLI,PARTI WARISAN SABAH (WARISAN),"7,310"
W.P LABUAN,P.166,LABUAN,DAYANG RUSIMAH @ RAYNIE BINTI DATUK HJ. MOHD. DIN,PARTI BANGSA MALAYSIA (PBM),202
SABAH,P.167,KUDAT,RUDDY BIN AWAH,PARTI GABUNGAN RAKYAT SABAH (GRS),"14,356"
SABAH,P.167,KUDAT,PETRONELLA USUN,PARTI PEJUANG TANAHAIR (PEJUANG),282
SABAH,P.167,KUDAT,RASHID BIN ABDUL HARUN,PARTI WARISAN SABAH (WARISAN),"9,421"
SABAH,P.167,KUDAT,VERDON BIN BAHANDA,BEBAS (KUNCI),"16,323"
SABAH,P.167,KUDAT,THONNY CHEE,PAKATAN HARAPAN (PH),"4,726"
SABAH,P.168,KOTA MARUDU,MOHD AZMI BIN HJ ZULKIFLEE,PARTI PEJUANG TANAHAIR (PEJUANG),279
SABAH,P.168,KOTA MARUDU,SHAHRIZAL DENCI,PARTI IKATAN DEMOKRATIK MALAYSIA (MUDA),"3,225"
SABAH,P.168,KOTA MARUDU,NORMAN BIN TULANG (TAS),BEBAS (KUNCI),660
SABAH,P.168,KOTA MARUDU,JILID @ ZAINUDDIN BIN KUMINDING,PARTI WARISAN SABAH (WARISAN),"5,320"
SABAH,P.168,KOTA MARUDU,DR.MAXIMUS@JOHNITY ONGKILI,PARTI GABUNGAN RAKYAT SABAH (GRS),"16,144"
SABAH,P.168,KOTA MARUDU,DATUK WETROM BAHANDA,PARTI KESEJAHTERAAN DEMOKRATIK MASYARAKAT (KDM),"24,318"
SABAH,P.169,KOTA BELUD,MADELI @ MODILY BIN BANGALI,PAKATAN HARAPAN (PH),"8,323"
SABAH,P.169,KOTA BELUD,DATUK SERI PANGLIMA ABD RAHMAN BIN DAHLAN,BARISAN NASIONAL (BN),"20,566"
SABAH,P.169,KOTA BELUD,MUNIRAH MAJILIS,PARTI WARISAN SABAH (WARISAN),"25,148"
SABAH,P.170,TUARAN,MADIUS TANGAU,PAKATAN HARAPAN (PH),"24,943"
SABAH,P.170,TUARAN,BOBY BIN LEWAT,BEBAS (KUNCI),393
SABAH,P.170,TUARAN,NOORTAIP BIN SUHAILI @ SUALEE,BEBAS (PEN),"2,008"
SABAH,P.170,TUARAN,JO-ANNA SUE HENLEY RAMPAS,PARTI WARISAN SABAH (WARISAN),"5,728"
SABAH,P.170,TUARAN,MUMININ B. NORBINSHA,PARTI PEJUANG TANAHAIR (PEJUANG),445
SABAH,P.170,TUARAN,JONISTON BANGKUAI,PARTI GABUNGAN RAKYAT SABAH (GRS),"24,710"
SABAH,P.171,SEPANGGAR,MOHD AZIS JAMMAN,PARTI WARISAN SABAH (WARISAN),"18,594"
SABAH,P.171,SEPANGGAR,YAKUB KHAN,BARISAN NASIONAL (BN),"19,980"
SABAH,P.171,SEPANGGAR,YUSOF BIN KUNCHANG,PARTI PEJUANG TANAHAIR (PEJUANG),731
SABAH,P.171,SEPANGGAR,MUSTAPHA SAKMUD,PAKATAN HARAPAN (PH),"27,022"
SABAH,P.171,SEPANGGAR,JUMARDIE LUKMAN,PARTI KESEJAHTERAAN DEMOKRATIK MASYARAKAT (KDM),"3,977"
SABAH,P.172,KOTA KINABALU,YEO YAN YIN @ AMANDA,PARTI WARISAN SABAH (WARISAN),"7,576"
SABAH,P.172,KOTA KINABALU,MARCEL JUDE,BEBAS (TELEFON),137
SABAH,P.172,KOTA KINABALU,WINSTON LIAW KIT SIONG,PARTI KESEJAHTERAAN DEMOKRATIK MASYARAKAT (KDM),456
SABAH,P.172,KOTA KINABALU,CHAN FOONG HIN,PAKATAN HARAPAN (PH),"31,359"
SABAH,P.172,KOTA KINABALU,YEE TSAI YIEW,PARTI GABUNGAN RAKYAT SABAH (GRS),"4,592"
SABAH,P.173,PUTATAN,AWANG HUSAINI BIN SAHARI,PAKATAN HARAPAN (PH),"16,110"
SABAH,P.173,PUTATAN,SHAHELMEY BIN YAHYA,BARISAN NASIONAL (BN),"16,234"
SABAH,P.173,PUTATAN,POYNE B. TUDUS @ PATRICK PAYNE,PARTI PEJUANG TANAHAIR (PEJUANG),394
SABAH,P.173,PUTATAN,AHMAD BIN MOHD SAID,PARTI WARISAN SABAH (WARISAN),"8,511"
SABAH,P.174,PENAMPANG,EWON BENEDICK,PAKATAN HARAPAN (PH),"29,066"
SABAH,P.174,PENAMPANG,RICHARD JIMMY,BEBAS (POKOK),289
SABAH,P.174,PENAMPANG,KENNY CHUA TECK HO,PARTI GABUNGAN RAKYAT SABAH (GRS),"6,719"
SABAH,P.174,PENAMPANG,DARELL LEIKING,PARTI WARISAN SABAH (WARISAN),"14,656"
SABAH,P.175,PAPAR,NICHOLAS SYLVESTER @ BERRY,PARTI PEJUANG TANAHAIR (PEJUANG),783
SABAH,P.175,PAPAR,NORBERT CHIN,BEBAS (KUNCI),231
SABAH,P.175,PAPAR,HENRY SHIM,PAKATAN HARAPAN (PH),"9,144"
SABAH,P.175,PAPAR,JOHNNY SITAMIN,BEBAS (PEN),335
SABAH,P.175,PAPAR,HJ. AHMAD HASSAN,PARTI WARISAN SABAH (WARISAN),"10,396"
SABAH,P.175,PAPAR,DATUK ARMIZAN BIN MOHD ALI,PARTI GABUNGAN RAKYAT SABAH (GRS),"22,620"
SABAH,P.176,KIMANIS,MOHAMAD BIN ALAMIN,BARISAN NASIONAL (BN),"13,004"
SABAH,P.176,KIMANIS,DAUD BIN YUSOF,PARTI WARISAN SABAH (WARISAN),"9,967"
SABAH,P.176,KIMANIS,YUSOP BIN OSMAN,PARTI PEJUANG TANAHAIR (PEJUANG),153
SABAH,P.176,KIMANIS,ROWINDY LAWRENCE ODONG,PAKATAN HARAPAN (PH),"3,931"
SABAH,P.176,KIMANIS,AMAT BIN MD YUSOF,PARTI KESEJAHTERAAN DEMOKRATIK MASYARAKAT (KDM),"4,013"
SABAH,P.177,BEAUFORT,DIKIN BIN MUSAH,PAKATAN HARAPAN (PH),"7,835"
SABAH,P.177,BEAUFORT,MATLANI BIN SABLI,BEBAS (POKOK),143
SABAH,P.177,BEAUFORT,JOHAN @ CHRISTOPHER BIN O T GHANI,BEBAS (KUNCI),546
SABAH,P.177,BEAUFORT,MASRI BIN ADUL,PARTI WARISAN SABAH (WARISAN),"2,152"
SABAH,P.177,BEAUFORT,DATUK SITI AMINAH BINTI ACHING,BARISAN NASIONAL (BN),"10,570"
SABAH,P.177,BEAUFORT,DATUK HJH.JOHAIR MAT LANI,PARTI KESEJAHTERAAN DEMOKRATIK MASYARAKAT (KDM),"8,052"
SABAH,P.178,SIPITANG,DATUK MATBALI BIN MUSAH,PARTI GABUNGAN RAKYAT SABAH (GRS),"14,459"
SABAH,P.178,SIPITANG,LAHIRUL,PAKATAN HARAPAN (PH),"4,834"
SABAH,P.178,SIPITANG,ADNAN BIN OKK PUTEH,PARTI WARISAN SABAH (WARISAN),"9,768"
SABAH,P.179,RANAU,TAUFIK DAHLAN,PAKATAN HARAPAN (PH),"11,514"
SABAH,P.179,RANAU,JONATHAN YASIN,PARTI GABUNGAN RAKYAT SABAH (GRS),"22,606"
SABAH,P.179,RANAU,AZIZUL JULIRIN,PARTI PEJUANG TANAHAIR (PEJUANG),"1,267"
SABAH,P.179,RANAU,MARKOS SITON,PARTI WARISAN SABAH (WARISAN),"2,657"
SABAH,P.179,RANAU,EWON BIN EBIN,PARTI BERSATU RAKYAT SABAH (PBRS),"4,254"
SABAH,P.180,KENINGAU,GRELYDIA GILLOD,PAKATAN HARAPAN (PH),"15,099"
SABAH,P.180,KENINGAU,RASININ BIN KOUTIS @ KAUTIS,PARTI WARISAN SABAH (WARISAN),"7,020"
SABAH,P.180,KENINGAU,DATUK SERI PANGLIMA DR.JEFFREY G.KITINGAN,PARTI GABUNGAN RAKYAT SABAH (GRS),"23,155"
SABAH,P.180,KENINGAU,DATUK JAKE NOINTIN,PARTI KESEJAHTERAAN DEMOKRATIK MASYARAKAT (KDM),"9,598"
SABAH,P.181,TENOM,NOORITA SUAL,PAKATAN HARAPAN (PH),"8,919"
SABAH,P.181,TENOM,JAMAWI BIN JA'AFAR,BARISAN NASIONAL (BN),"8,625"
SABAH,P.181,TENOM,RIDUAN BIN RUBIN,BEBAS (GAJAH),"10,027"
SABAH,P.181,TENOM,UKIM BUANDI,PARTI WARISAN SABAH (WARISAN),992
SABAH,P.181,TENOM,PEGGY CHAW ZHI TING,BEBAS (TRAKTOR),86
SABAH,P.182,PENSIANGAN,JAMANI BIN DERIMIN,PARTI PEJUANG TANAHAIR (PEJUANG),124
SABAH,P.182,PENSIANGAN,SITI NOORHASMAHWATTY OSMAN,PARTI WARISAN SABAH (WARISAN),"1,512"
SABAH,P.182,PENSIANGAN,JEKERISON KILAN,PARTI KESEJAHTERAAN DEMOKRATIK MASYARAKAT (KDM),"1,640"
SABAH,P.182,PENSIANGAN,SANGKAR BIN RASAM,PAKATAN HARAPAN (PH),"14,211"
SABAH,P.182,PENSIANGAN,DATUK ARTHUR JOSEPH KURUP,BARISAN NASIONAL (BN),"19,623"
SABAH,P.183,BELURAN,BENEDICT ASMAT,BARISAN NASIONAL (BN),"9,709"
SABAH,P.183,BELURAN,ROWIENA RASID,PARTI WARISAN SABAH (WARISAN),"3,707"
SABAH,P.183,BELURAN,HAUSING BIN SAMSUDIN @ SUDIN,PARTI PEJUANG TANAHAIR (PEJUANG),155
SABAH,P.183,BELURAN,RONALD KIANDEE,PERIKATAN NASIONAL (PN),"11,303"
SABAH,P.183,BELURAN,FELIX JOSEPH SAANG,PAKATAN HARAPAN (PH),"4,460"
SABAH,P.184,LIBARAN,NORDIN BIN KHANI,PARTI PERPADUAN RAKYAT SABAH (PPRS),541
SABAH,P.184,LIBARAN,DR PETER JR NAINTIN,PAKATAN HARAPAN (PH),"10,351"
SABAH,P.184,LIBARAN,HJ. AMDAN BIN TUMPONG,BEBAS (POKOK),659
SABAH,P.184,LIBARAN,JEFFRI @ AMAT PUDANG,PARTI PEJUANG TANAHAIR (PEJUANG),826
SABAH,P.184,LIBARAN,SHARIF BOKRATA,PARTI WARISAN SABAH (WARISAN),"9,185"
SABAH,P.184,LIBARAN,SUHAIMI BIN NASIR,BARISAN NASIONAL (BN),"22,969"
SABAH,P.185,BATU SAPI,LIAU FUI FUI,PAKATAN HARAPAN (PH),"7,331"
SABAH,P.185,BATU SAPI,IR. HJ. OTHMAN HJ. AHMAD,BEBAS (BUKU),160
SABAH,P.185,BATU SAPI,BONI YUSUF JUANICO ABDULLAH,PARTI PEJUANG TANAHAIR (PEJUANG),176
SABAH,P.185,BATU SAPI,ALIAS BIN SANI,PARTI WARISAN SABAH (WARISAN),"7,218"
SABAH,P.185,BATU SAPI,KHAIRUL FIRDAUS AKBAR KHAN,PARTI GABUNGAN RAKYAT SABAH (GRS),"12,152"
SABAH,P.186,SANDAKAN,PETER HII,BEBAS (POKOK),"2,342"
SABAH,P.186,SANDAKAN,SYEIKH LOKEMAN,BEBAS (KUDA),962
SABAH,P.186,SANDAKAN,LAU CHI KEONG @ THOMAS LAU,PARTI GABUNGAN RAKYAT SABAH (GRS),"5,054"
SABAH,P.186,SANDAKAN,VIVIAN WONG SHIR YEE,PAKATAN HARAPAN (PH),"16,673"
SABAH,P.186,SANDAKAN,ALEX THIEN,PARTI WARISAN SABAH (WARISAN),"5,642"
SABAH,P.186,SANDAKAN,HAJJAH LITA TAN BINTI ABDULLAH,BEBAS (BUKU),246
SABAH,P.187,KINABATANGAN,MAZLIWATI BINTI ABDUL MALEK,PARTI WARISAN SABAH (WARISAN),"12,512"
SABAH,P.187,KINABATANGAN,BUNG MOKTAR BIN RADIN,BARISAN NASIONAL (BN),"16,842"
SABAH,P.188,LAHAD DATU,SIA YU HOCK,PAKATAN HARAPAN (PH),"8,289"
SABAH,P.188,LAHAD DATU,DATO' HJ MOHAMMAD YUSOF BIN APDAL,PARTI WARISAN SABAH (WARISAN),"27,116"
SABAH,P.188,LAHAD DATU,MAIZATUL AKMAM BT HJ ALAWI,BARISAN NASIONAL (BN),"22,740"
SABAH,P.189,SEMPORNA,ARASTAM BIN PANDOROG,PAKATAN HARAPAN (PH),"1,848"
SABAH,P.189,SEMPORNA,MOHD SHAFIE APDAL,PARTI WARISAN SABAH (WARISAN),"28,702"
SABAH,P.189,SEMPORNA,NIXON BIN ABDUL HABI,PARTI GABUNGAN RAKYAT SABAH (GRS),"7,892"
SABAH,P.189,SEMPORNA,AB RAJIK AB HAMID,PARTI PEJUANG TANAHAIR (PEJUANG),467
SABAH,P.190,TAWAU,KC CHEN KET CHUIN,PARTI WARISAN SABAH (WARISAN),"11,263"
SABAH,P.190,TAWAU,DATO' CHIN CHEE SYN,BEBAS (POKOK),651
SABAH,P.190,TAWAU,MOHD SALLEH BACHO,BEBAS (BEBAS),"1,776"
SABAH,P.190,TAWAU,CHRISTINA LIEW,PAKATAN HARAPAN (PH),"16,065"
SABAH,P.190,TAWAU,HERMAN BIN AMDAS,PARTI PEJUANG TANAHAIR (PEJUANG),"1,067"
SABAH,P.190,TAWAU,LO SU FUI,PARTI GABUNGAN RAKYAT SABAH (GRS),"19,865"
SABAH,P.191,KALABAKAN,DR NUR AINI ABD RAHMAN (MD),PARTI PEJUANG TANAHAIR (PEJUANG),"1,681"
SABAH,P.191,KALABAKAN,ANDI MUHAMMAD SURYADY BIN BANDY,BARISAN NASIONAL (BN),"23,855"
SABAH,P.191,KALABAKAN,MA'MUN BIN SULAIMAN,PARTI WARISAN SABAH (WARISAN),"14,755"
SABAH,P.191,KALABAKAN,DATO MUHAMAD,BEBAS (POKOK),341
SABAH,P.191,KALABAKAN,NORAINI ABD GHAPUR,PAKATAN HARAPAN (PH),"9,398"
SARAWAK,P.192,MAS GADING,RYAN SIM MIN LEONG,PARTI BUMI KENYALANG (PBK),"2,311"
SARAWAK,P.192,MAS GADING,LIDANG DISEN,GABUNGAN PARTI SARAWAK (GPS),"11,794"
SARAWAK,P.192,MAS GADING,MORDI ANAK BIMOL,PARTI TINDAKAN DEMOKRATIK (DAP),"17,274"
SARAWAK,P.193,SANTUBONG,NANCY SHUKRI,GABUNGAN PARTI SARAWAK (GPS),"43,739"
SARAWAK,P.193,SANTUBONG,AFFENDI BIN JEMAN,BEBAS (KUNCI),"3,012"
SARAWAK,P.193,SANTUBONG,MOHAMAD ZEN PELI,PAKATAN HARAPAN (PH),"5,058"
SARAWAK,P.194,PETRA JAYA,FADILLAH BIN YUSOF,GABUNGAN PARTI SARAWAK (GPS),"54,745"
SARAWAK,P.194,PETRA JAYA,SOPIAN JULAIHI,PAKATAN HARAPAN (PH),"13,382"
SARAWAK,P.194,PETRA JAYA,OTHMAN BIN ABDILLAH,PARTI SEDAR RAKYAT SARAWAK (SEDAR),"1,036"
SARAWAK,P.195,BANDAR KUCHING,TAY TZE KOK,GABUNGAN PARTI SARAWAK (GPS),"16,462"
SARAWAK,P.195,BANDAR KUCHING,VOON LEE SHAN,PARTI SARAWAK BERSATU (PSB),"1,760"
SARAWAK,P.195,BANDAR KUCHING,KELVIN YII LEE WUEN,PARTI TINDAKAN DEMOKRATIK (DAP),"45,353"
SARAWAK,P.196,STAMPIN,CHONG CHIENG JEN,PARTI TINDAKAN DEMOKRATIK (DAP),"39,310"
SARAWAK,P.196,STAMPIN,LO KHERE CHIANG,GABUNGAN PARTI SARAWAK (GPS),"32,152"
SARAWAK,P.196,STAMPIN,LUE CHENG HING,PARTI SARAWAK BERSATU (PSB),"2,291"
SARAWAK,P.197,KOTA SAMARAHAN,DATUK HJH RUBIAH BINTI WANG,GABUNGAN PARTI SARAWAK (GPS),"42,278"
SARAWAK,P.197,KOTA SAMARAHAN,ABANG HALIL,PAKATAN HARAPAN (PH),"12,833"
SARAWAK,P.198,PUNCAK BORNEO,WILLIE ANAK MONGIN,GABUNGAN PARTI SARAWAK (GPS),"29,457"
SARAWAK,P.198,PUNCAK BORNEO,DIOG ANAK DIOS,PAKATAN HARAPAN (PH),"16,119"
SARAWAK,P.198,PUNCAK BORNEO,IANA ANAK AKAM,PARTI SARAWAK BERSATU (PSB),"5,578"
SARAWAK,P.199,SERIAN,DR ALIM IMPIRA,BEBAS (KUNCI),"6,179"
SARAWAK,P.199,SERIAN,DATO' SRI RICHARD RIOT ANAK JAEM,GABUNGAN PARTI SARAWAK (GPS),"22,876"
SARAWAK,P.199,SERIAN,ELSIY A/K TINGANG,PARTI SARAWAK BERSATU (PSB),"5,630"
SARAWAK,P.199,SERIAN,LEARRY ANAK JABUL,PARTI TINDAKAN DEMOKRATIK (DAP),"5,289"
SARAWAK,P.200,BATANG SADONG,RODIYAH BINTI SAPIEE,GABUNGAN PARTI SARAWAK (GPS),"18,668"
SARAWAK,P.200,BATANG SADONG,CIKGU LAHAJI,PAKATAN HARAPAN (PH),"3,775"
SARAWAK,P.201,BATANG LUPAR,MOHAMAD SHAFIZAN,GABUNGAN PARTI SARAWAK (GPS),"19,627"
SARAWAK,P.201,BATANG LUPAR,WEL @ MAXWEL ROJIS,PAKATAN HARAPAN (PH),"2,768"
SARAWAK,P.201,BATANG LUPAR,HAMDAN SANI,PERIKATAN NASIONAL (PN),"5,164"
SARAWAK,P.202,SRI AMAN,DORIS SOPHIA ANAK BRODI,GABUNGAN PARTI SARAWAK (GPS),"14,131"
SARAWAK,P.202,SRI AMAN,WILSON ANAK ENTABANG,PARTI SARAWAK BERSATU (PSB),"10,092"
SARAWAK,P.202,SRI AMAN,MASIR ANAK KUJAT,BEBAS (POKOK),"5,673"
SARAWAK,P.202,SRI AMAN,NAGA LIBAU @ TAY,PAKATAN HARAPAN (PH),"2,021"
SARAWAK,P.203,LUBOK ANTU,JUGAH MUYANG,PERIKATAN NASIONAL (PN),"5,360"
SARAWAK,P.203,LUBOK ANTU,JOHNICHAL RAYONG NGIPA,PARTI SARAWAK BERSATU (PSB),"6,544"
SARAWAK,P.203,LUBOK ANTU,ROY ANGAU ANAK GINGKOI,GABUNGAN PARTI SARAWAK (GPS),"6,644"
SARAWAK,P.203,LUBOK ANTU,LANGGA LIAS,PAKATAN HARAPAN (PH),746
SARAWAK,P.204,BETONG,PATRICK KAMIS @ HJ KAMENG,PAKATAN HARAPAN (PH),"5,177"
SARAWAK,P.204,BETONG,HASBIE BIN SATAR,BEBAS (PERAHU),"5,057"
SARAWAK,P.204,BETONG,DR. RICHARD RAPU,GABUNGAN PARTI SARAWAK (GPS),"16,479"
SARAWAK,P.205,SARATOK,GIENDAM JONATHAN TAIT,GABUNGAN PARTI SARAWAK (GPS),"10,397"
SARAWAK,P.205,SARATOK,DATUK ALI BIJU,PERIKATAN NASIONAL (PN),"19,223"
SARAWAK,P.205,SARATOK,IBIL JAYA,PAKATAN HARAPAN (PH),"1,221"
SARAWAK,P.206,TANJONG MANIS,IR. YUSUF ABD WAHAB,GABUNGAN PARTI SARAWAK (GPS),"16,474"
SARAWAK,P.206,TANJONG MANIS,USTAZAH ZAINAB,PAKATAN HARAPAN (PH),"2,566"
SARAWAK,P.207,IGAN,AHMAD JOHNIE BIN ZAWAWI,GABUNGAN PARTI SARAWAK (GPS),"15,824"
SARAWAK,P.207,IGAN,HUD ANDRI,PAKATAN HARAPAN (PH),"1,162"
SARAWAK,P.208,SARIKEI,HUANG TIONG SII,GABUNGAN PARTI SARAWAK (GPS),"20,080"
SARAWAK,P.208,SARIKEI,RODERICK WONG SIEW LEAD,PARTI TINDAKAN DEMOKRATIK (DAP),"16,383"
SARAWAK,P.209,JULAU,SUSAN ANAK GEORGE,PARTI BANSA DAYAK SARAWAK (PBDS),335
SARAWAK,P.209,JULAU,JOSEPH SALANG,GABUNGAN PARTI SARAWAK (GPS),"7,819"
SARAWAK,P.209,JULAU,LARRY SOON @ LARRY SNG WEI SHIEN,PARTI BANGSA MALAYSIA (PBM),"9,159"
SARAWAK,P.209,JULAU,ELLY LAWAI NGALAI,BEBAS (BEBAS),"5,224"
SARAWAK,P.210,KANOWIT,JOSEPH NYAMBONG,PAKATAN HARAPAN (PH),"7,175"
SARAWAK,P.210,KANOWIT,DR. ELLI LUHAT,BEBAS (KUNCI),427
SARAWAK,P.210,KANOWIT,AARON AGO ANAK DAGANG,GABUNGAN PARTI SARAWAK (GPS),"7,411"
SARAWAK,P.210,KANOWIT,GEORGE CHEN,BEBAS (BUKU),741
SARAWAK,P.210,KANOWIT,MICHAEL ANAK LIAS,BEBAS (KERUSI),"2,289"
SARAWAK,P.211,LANANG,DATO WONG TIING KIONG,BEBAS (KUDA),587
SARAWAK,P.211,LANANG,PRISCILLA LAU,PARTI SARAWAK BERSATU (PSB),"3,663"
SARAWAK,P.211,LANANG,ALICE LAU KIONG YIENG,PARTI TINDAKAN DEMOKRATIK (DAP),"30,120"
SARAWAK,P.211,LANANG,WONG CHING YONG,GABUNGAN PARTI SARAWAK (GPS),"18,576"
SARAWAK,P.212,SIBU,OSCAR LING CHAI YEW,PARTI TINDAKAN DEMOKRATIK (DAP),"31,287"
SARAWAK,P.212,SIBU,CLARENCE TING ING HORH,GABUNGAN PARTI SARAWAK (GPS),"23,527"
SARAWAK,P.212,SIBU,WONG SOON KOH,PARTI SARAWAK BERSATU (PSB),"11,128"
SARAWAK,P.213,MUKAH,HANIFAH HAJAR TAIB,GABUNGAN PARTI SARAWAK (GPS),"21,733"
SARAWAK,P.213,MUKAH,ABDUL JALIL,PAKATAN HARAPAN (PH),"6,047"
SARAWAK,P.214,SELANGAU,UMPANG ANAK SABANG,PAKATAN HARAPAN (PH),"11,092"
SARAWAK,P.214,SELANGAU,EDWIN ANAK BANTA,GABUNGAN PARTI SARAWAK (GPS),"16,078"
SARAWAK,P.214,SELANGAU,HENRY JOSEPH USAU,BEBAS (BEBAS),"1,626"
SARAWAK,P.215,KAPIT,ALEXANDER NANTA LINGGI,GABUNGAN PARTI SARAWAK (GPS),"16,522"
SARAWAK,P.215,KAPIT,PANGKAS AK. UNGGANG,PAKATAN HARAPAN (PH),"4,120"
SARAWAK,P.215,KAPIT,ROBERT SAWENG,PARTI BANSA DAYAK SARAWAK (PBDS),"1,357"
SARAWAK,P.216,HULU RAJANG,ABUN SUI ANYIT,PAKATAN HARAPAN (PH),"7,951"
SARAWAK,P.216,HULU RAJANG,UGAK ANAK KUMBONG,GABUNGAN PARTI SARAWAK (GPS),"15,456"
SARAWAK,P.217,BINTULU,DUKE ANAK JANTENG,PERIKATAN NASIONAL (PN),"5,650"
SARAWAK,P.217,BINTULU,DATO SRI TIONG KING SING,GABUNGAN PARTI SARAWAK (GPS),"43,455"
SARAWAK,P.217,BINTULU,CHIEW CHAN YEW,PARTI TINDAKAN DEMOKRATIK (DAP),"21,287"
SARAWAK,P.218,SIBUTI,LUKANISMAN BIN AWANG SAUNI,GABUNGAN PARTI SARAWAK (GPS),"22,150"
SARAWAK,P.218,SIBUTI,ZULHAIDAH SUBOH,PAKATAN HARAPAN (PH),"10,405"
SARAWAK,P.218,SIBUTI,BOBBY ANAK WILLIAM,PARTI BANSA DAYAK SARAWAK (PBDS),"1,361"
SARAWAK,P.219,MIRI,JEFFERY PHANG,GABUNGAN PARTI SARAWAK (GPS),"33,390"
SARAWAK,P.219,MIRI,LAWRENCE LAI,PARTI SARAWAK BERSATU (PSB),"5,209"
SARAWAK,P.219,MIRI,CHIEW CHOON MAN,PAKATAN HARAPAN (PH),"39,549"
SARAWAK,P.220,BARAM,ANYI NGAU,GABUNGAN PARTI SARAWAK (GPS),"18,399"
SARAWAK,P.220,BARAM,ROLAND ENGAN,PAKATAN HARAPAN (PH),"11,060"
SARAWAK,P.220,BARAM,WILFREDENTIKA,BEBAS (POKOK),324
SARAWAK,P.221,LIMBANG,RACHA BALANG,PAKATAN HARAPAN (PH),"4,899"
SARAWAK,P.221,LIMBANG,HASBI BIN HABIBOLLAH,GABUNGAN PARTI SARAWAK (GPS),"14,897"
SARAWAK,P.222,LAWAS,HJ JAPAR BIN HJ SUYUT,PAKATAN HARAPAN (PH),"1,163"
SARAWAK,P.222,LAWAS,BARU BIAN,PARTI SARAWAK BERSATU (PSB),"5,684"
SARAWAK,P.222,LAWAS,HENRY SUM AGONG,GABUNGAN PARTI SARAWAK (GPS),"11,361"
